-- phpMyAdmin SQL Dump
-- version 5.2.1
-- https://www.phpmyadmin.net/
--
-- 主機： 127.0.0.1
-- 產生時間： 2025-03-01 11:50:46
-- 伺服器版本： 10.4.32-MariaDB
-- PHP 版本： 8.2.12

SET SQL_MODE = "NO_AUTO_VALUE_ON_ZERO";
START TRANSACTION;
SET time_zone = "+00:00";


/*!40101 SET @OLD_CHARACTER_SET_CLIENT=@@CHARACTER_SET_CLIENT */;
/*!40101 SET @OLD_CHARACTER_SET_RESULTS=@@CHARACTER_SET_RESULTS */;
/*!40101 SET @OLD_COLLATION_CONNECTION=@@COLLATION_CONNECTION */;
/*!40101 SET NAMES utf8mb4 */;

--
-- 資料庫： `daiski_db`
--

-- --------------------------------------------------------

--
-- 資料表結構 `article`
--

CREATE TABLE `article` (
  `id` int(10) UNSIGNED NOT NULL,
  `title` varchar(50) NOT NULL,
  `content` varchar(1500) NOT NULL,
  `startDate` datetime NOT NULL,
  `endDate` datetime DEFAULT NULL
) ENGINE=InnoDB DEFAULT CHARSET=utf8mb4 COLLATE=utf8mb4_unicode_ci;

--
-- 傾印資料表的資料 `article`
--

INSERT INTO `article` (`id`, `title`, `content`, `startDate`, `endDate`) VALUES
(1, '滑雪場夏天也能去? 一覽石打丸山的夏日觀光特點！!', '石打丸山夏季露臺\r\nThe VERANDA at Ishiuchi (石打丸山夏季露臺) 於2022年開始經營，搭乘約7分鐘的纜車，即可一覽南魚沼市的絕美景色欣賞壯麗夕陽景色與夢幻夜景\r\n石打丸山夏季展望露臺 將於2024年7月6日（星期六）至9月28日（星期六）間的每個星期六及特定日，共計22天，舉辦「夜間露台」營業活動。這段時間內，您可以在此欣賞南魚沼市壯麗的夕陽景色與夢幻般的夜景。 在夜間露台營業期間，營業時間將延長至晚上21:00，您可以欣賞到隨時間推移而漸漸被美麗的紅霞染紅的天空，夕陽照耀下閃閃發光的雄偉山脈，以及最終以南魚沼市燈火輝煌的夜景作為壓軸的壯麗自然大秀，這是一生只有一次、僅在暮光時刻才能欣賞到的大自然奇觀。 此外，場地內還設有特別照明的休息區，並在暑假期間舉辦適合兒童和成人參加的「夏日祭典」等活動。當夕陽西下，氣溫變得涼爽宜人時，不妨來到「石打丸山露臺」，創造一個特別的夏日回憶。夏季期間限定夜間露臺\r\n周末營業時間延長至21:00，感受獨特的夜景石打丸山超人氣鬆餅\r\n日本當地票選超人氣鬆餅，許多台日網美老饕特地前來享用南魚沼市壯麗美景\r\n有別於冬天特殊雪景，夏天的田園風景亦讓人流連忘返石打丸山 2024夏季營業資訊■營業期間\r\n＜常規＞ 2024年4月27日（星期六）～5月6日（星期一/節假日）、7月6日（星期六）～11月10日（星期日）\r\n＜夜間露台營業＞ 2024年7月6日（星期六）～9月28日（星期六）的每個週六、節日前夕及特定日期\r\n\r\n■ 營業時間\r\n\r\n＜常規＞10:30～17:30\r\n\r\n＜夜間露台營業＞11:30～21:00\r\n\r\n■ 費用\r\n\r\n＜纜車往返票＞ 成人2,800日圓，兒童（小學生）1,400日圓，學生2,000日圓，寵物500日圓\r\n\r\n※兒童為小學生以下，學生為中學生以上。 ※學生需在窗口出示學生證。\r\n\r\n※3歲以下免費。4歲以上的學齡前兒童在有一名成人陪同的情況下，每名成人可免費攜帶一名兒童。\r\n\r\n＜提前網上購票＞ 提前在網上購票更划算哦\r\n\r\n★https://www.kkday.com/ja/promo/ishiuchigreen                                                                                                                                                                                                                                                                                                                                                                        ', '2025-02-21 09:40:03', '2025-02-21 09:40:04'),
(2, '阿達帶你走越後湯澤必吃美食與必喝清酒！再告訴你湯澤滑雪就找iSKI！', '阿達今年滑雪就來到日本越後湯澤，\r\n「湯澤滑雪真滴讚!! 滑累了可以去石打丸山冰球屋休息」\r\n「 雪場附近還有燒肉、TKG和清酒喝 舒服啦~」\r\n「喜歡喝酒的適合來湯澤醉一波！想要滑雪的話，記得可以找iSKI！」', '2025-02-22 10:16:47', NULL),
(3, '婊姐挑戰滑雪全台最強女網紅！│ iSKI 雪物嚴選 滑雪一條龍新體驗', '婊姐來到日本越後湯澤，\r\n找iSKI與雪物嚴選的一條龍滑雪服務，\r\n專心致志挑戰全台最強滑雪女網紅！\r\n\r\n「想試試看滑雪的 不用像我好幾年前台灣還沒紅時那樣摸索 還要用英文上課哈哈哈」\r\n\r\n「現在有一條龍服務 親自去試過覺得很棒 有興趣組成中華隊的可以試試看哈哈哈哈」', '2025-02-22 10:17:14', NULL),
(4, '提前為冬季滑雪做準備　民眾室內學滑雪兼顧消暑－民視新聞', '今年夏天真的好熱，也讓不少民眾，紛紛取消戶外運動的念頭，改到室內滑雪場，享受清涼的夏天！\r\n\r\n每年都有不少國人趕赴日本滑雪，原本秋冬季，才會出現的學習滑雪熱潮，現在夏季就已經出現了。', '2025-02-22 10:20:49', NULL),
(5, '蔡哥日本越後湯澤滑雪的日子 │ iSKI 雪物嚴選大推初體驗', '蔡哥受「iSKI 」和 「雪物嚴選」邀請\r\n用工作的名義爆練滑雪 爆聊滑雪\r\n感受滑雪大家庭！\r\n\r\n兩天竟然默默蒐集了一小時多的影片長度\r\n但觀眾們回覆整部節奏很順，1個小時看個爽，看完真的會腳癢起來想去滑\r\n想了解滑雪教練、雪具租借、雪場交通接駁、越後湯澤美食的你千萬不容錯過，\r\n趕快來看看蔡哥這趟有趣的滑雪日子吧！', '2025-02-22 10:21:03', NULL),
(6, '【滑雪機體驗 限時優惠】揪團優惠最高5折', '\r\n團體體驗 優惠方案\r\n\r\n揪團滑雪，更有動力，更多優惠！\r\n\r\n\r\n往下滑 拿62折優惠\r\n\r\n⬇\r\n⬇\r\n⬇\r\n \r\n\r\n即日起，團體報名iSKI滑雪機體驗課程\r\n\r\n直接享最高 62 折、最高省$3,800元的優惠\r\n\r\n這麼划算的限時優惠，錯過太可惜\r\n還不快找親朋好友、鄰居同事，一起來iSKI滑雪！\r\n\r\n \r\n【 台中滑雪 開幕前期間限定優惠  最高折5折  即日起至11/18 】\r\n\r\n1人報名｜期間限定優惠｜每人 $1,400 元\r\n\r\n2人報名｜每人再折扣 50 元｜每人 $1,350 元\r\n3人報名｜每人再折扣 100 元｜每人 $1,300 元\r\n4人報名｜每人再折扣 150 元｜每人 $1,250 元\r\n\r\n \r\n\r\n• 以成人、兒童體驗課原價$2,500元計算\r\n\r\n• 幼幼體驗課報名享相同折扣金額\r\n*此團報優惠活動限台中店使用\r\n\r\n \r\n\r\n \r\n【 台北、新竹、桃園優惠內容 】\r\n\r\n1人報名｜期間限定優惠｜每人 $1,700 元\r\n\r\n2人報名｜每人再折扣 50 元｜每人 $1,650 元\r\n3人報名｜每人再折扣 100 元｜每人 $1,600 元\r\n4人報名｜每人再折扣 150 元｜每人 $1,550 元\r\n\r\n \r\n\r\n• 以成人、兒童體驗課原價$2,500元計算\r\n\r\n• 幼幼體驗課報名享相同折扣金額\r\n*此團報優惠活動限台北瑞光店、台北內湖店、新竹店、桃園店使用\r\n\r\n \r\n\r\n \r\n我該如何使用團體體驗優惠方案？\r\n\r\n①\r\n點選右上角的課程購買→滑雪機單堂體驗\r\n②\r\n選擇您想預約的體驗項目、團體預約人數，並加入購物車\r\n③\r\n至購物車頁面，點選前往結賬\r\n\r\n④\r\n結賬頁面的訂單詳情，將顯示團體報名的優惠', '2025-02-22 10:21:21', NULL),
(19, '77', '888', '0000-00-00 00:00:00', '0000-00-00 00:00:00'),
(20, '456', '478', '2025-02-24 10:55:00', '2025-02-26 10:55:00');

-- --------------------------------------------------------

--
-- 資料表結構 `article_categories`
--

CREATE TABLE `article_categories` (
  `id` int(11) NOT NULL,
  `category` varchar(15) NOT NULL,
  `article_id` int(10) UNSIGNED NOT NULL
) ENGINE=InnoDB DEFAULT CHARSET=utf8mb4 COLLATE=utf8mb4_unicode_ci;

--
-- 傾印資料表的資料 `article_categories`
--

INSERT INTO `article_categories` (`id`, `category`, `article_id`) VALUES
(1, '其他', 1),
(2, '媒體報導', 2);

-- --------------------------------------------------------

--
-- 資料表結構 `article_ctr`
--

CREATE TABLE `article_ctr` (
  `id` int(11) NOT NULL,
  `time` datetime NOT NULL,
  `article_id` int(10) UNSIGNED NOT NULL
) ENGINE=InnoDB DEFAULT CHARSET=utf8mb4 COLLATE=utf8mb4_unicode_ci;

--
-- 傾印資料表的資料 `article_ctr`
--

INSERT INTO `article_ctr` (`id`, `time`, `article_id`) VALUES
(1, '2025-02-22 11:34:41', 1),
(2, '2025-02-22 13:04:02', 1);

-- --------------------------------------------------------

--
-- 資料表結構 `article_images`
--

CREATE TABLE `article_images` (
  `id` int(11) NOT NULL,
  `name` varchar(30) NOT NULL,
  `sort` int(10) UNSIGNED NOT NULL,
  `article_id` int(10) UNSIGNED NOT NULL
) ENGINE=InnoDB DEFAULT CHARSET=utf8mb4 COLLATE=utf8mb4_unicode_ci;

--
-- 傾印資料表的資料 `article_images`
--

INSERT INTO `article_images` (`id`, `name`, `sort`, `article_id`) VALUES
(1, 'img001001.jpg', 1, 1),
(2, 'img001002.jpg', 2, 1);

-- --------------------------------------------------------

--
-- 資料表結構 `article_videos`
--

CREATE TABLE `article_videos` (
  `id` int(11) NOT NULL,
  `name` varchar(30) NOT NULL,
  `sort` int(10) UNSIGNED NOT NULL,
  `article_id` int(10) UNSIGNED NOT NULL
) ENGINE=InnoDB DEFAULT CHARSET=utf8mb4 COLLATE=utf8mb4_unicode_ci;

--
-- 傾印資料表的資料 `article_videos`
--

INSERT INTO `article_videos` (`id`, `name`, `sort`, `article_id`) VALUES
(1, 'video00101.mp4', 1, 1);

-- --------------------------------------------------------

--
-- 資料表結構 `categories`
--

CREATE TABLE `categories` (
  `id` int(11) NOT NULL,
  `name` varchar(100) NOT NULL,
  `parentId` int(11) DEFAULT NULL,
  `valid` tinyint(4) DEFAULT 1,
  `createdAt` timestamp NOT NULL DEFAULT current_timestamp(),
  `gender` tinyint(4) NOT NULL DEFAULT 0
) ENGINE=InnoDB DEFAULT CHARSET=utf8mb4 COLLATE=utf8mb4_unicode_ci;

--
-- 傾印資料表的資料 `categories`
--

INSERT INTO `categories` (`id`, `name`, `parentId`, `valid`, `createdAt`, `gender`) VALUES
(1, '滑雪用品', NULL, 1, '2025-02-21 02:08:02', 0),
(2, '毛帽', 1, 1, '2025-02-21 02:09:57', 0),
(3, '滑雪外套', 1, 1, '2025-02-21 02:11:06', 0),
(4, '滑雪外套-男生款', 3, 1, '2025-02-21 02:12:54', 1),
(5, '滑雪外套-女生款', 3, 1, '2025-02-21 02:13:16', 2),
(6, '滑雪褲', 1, 1, '2025-02-21 02:14:01', 0),
(7, '滑雪褲-男生款', 6, 1, '2025-02-21 02:14:20', 1),
(8, '滑雪褲-女生款', 6, 1, '2025-02-21 02:14:28', 2),
(9, '雪鞋', 1, 1, '2025-02-21 02:15:23', 0),
(10, '雪鞋-男款', 9, 1, '2025-02-21 02:18:24', 1),
(11, '雪鞋-女款', 9, 1, '2025-02-21 02:18:39', 2),
(12, '雪板', 1, 1, '2025-02-21 02:20:46', 0),
(13, '雪板-單板', 12, 1, '2025-02-21 02:21:12', 0),
(14, '雪板-雙板', 12, 1, '2025-02-21 02:21:17', 0),
(15, '雪板-單板-男板', 13, 1, '2025-02-21 02:21:51', 1),
(16, '雪板-單板-女板', 13, 1, '2025-02-21 02:21:55', 2),
(17, '滑雪外套-男女通用款', 3, 1, '2025-02-23 13:16:37', 3),
(18, '滑雪褲-男女通用款', 6, 1, '2025-02-23 13:17:08', 3),
(19, '雪鞋-男女通用款', 9, 1, '2025-02-23 13:18:49', 3),
(20, '雪板-單板-男女通用款', 13, 1, '2025-02-23 13:19:29', 3);

-- --------------------------------------------------------

--
-- 資料表結構 `certification`
--

CREATE TABLE `certification` (
  `id` int(10) UNSIGNED NOT NULL,
  `name` varchar(50) NOT NULL
) ENGINE=InnoDB DEFAULT CHARSET=utf8mb4 COLLATE=utf8mb4_general_ci;

--
-- 傾印資料表的資料 `certification`
--

INSERT INTO `certification` (`id`, `name`) VALUES
(1, '加拿大CASI Level 1 Snowboard 單板指導員'),
(2, '加拿大CSIA Level 1 Ski 雙板指導員');

-- --------------------------------------------------------

--
-- 資料表結構 `coach`
--

CREATE TABLE `coach` (
  `id` int(10) UNSIGNED NOT NULL,
  `name` varchar(100) NOT NULL,
  `email` varchar(30) NOT NULL,
  `bio` text NOT NULL,
  `experience` text NOT NULL,
  `profilephoto` varchar(255) NOT NULL,
  `createdat` timestamp NOT NULL DEFAULT current_timestamp() ON UPDATE current_timestamp()
) ENGINE=InnoDB DEFAULT CHARSET=utf8mb4 COLLATE=utf8mb4_general_ci;

--
-- 傾印資料表的資料 `coach`
--

INSERT INTO `coach` (`id`, `name`, `email`, `bio`, `experience`, `profilephoto`, `createdat`) VALUES
(1, 'Lily', 'lily@test.com', '我是Lily，作為一位專業的滑雪教練，同時也是赭域室內設計公司的設計總監，曾經也有外拍模特的經驗。我深信安全、趣味和進步是學習滑雪的核心價值，並透過教學將這些理念傳達給學員。對我而言，滑雪不僅是一種運動，更是一種生活態度。除了享受滑雪帶來的樂趣，也應享受多姿多彩的生活。我致力於提供高品質的教學，同時將設計美學融入教學過程，希望學員在滑雪的同時留下美好的回憶。', '我曾在全球多個知名滑雪勝地積累豐富的滑雪經驗。滑雪足跡遍佈亞洲、歐洲以及加拿大，包括韓國的龍平、平昌、法國的凡慕爾，以及日本眾多知名滑雪勝地如鹿島槍、野澤、白馬、妙高、斑尾、夏油高原、二世谷、留壽都、富良野、神居、札幌國際、ONZE、Kiroro、星野。這些豐富多樣的經歷不僅展現了我的熱情與專業，更代表了我對冬季風景探索的熱愛。滑雪對我而言不僅是極限挑戰，更是探索世界美麗風景的媒介。', '1740645257.jpg', '2025-02-27 08:34:17'),
(2, 'Cash', 'cash@test.com', '我是Cash，SnowLand滑雪學校的校長，同時也是室內設計公司的CEO，專精商業與住宅設計。每年春、夏、秋三季繁忙工作，但冬季休假成為我獨愛的寶貴時光，投入於滑雪與教學事業。曾在香港定居多年，造就我熟練的粵語、英語、台語和華語教學特長。\r\n十多年前，澳洲雪場點燃了我對滑雪的熱情，遂踏上探索世界各地雪場之旅，體驗日本極柔細雪到紐西蘭陡峭雪坡的不同挑戰。\r\n多語教學是我的專長，讓不同背景的學員輕鬆學習滑雪。非滑雪季節，熱愛三鐵運動，常在週末與好友共享單車或長跑樂趣。追求多元生活，勇於探索無限可能性。', '數十年前，在澳洲展開我的滑雪征程，這段經驗深深地吸引了我。積累了數百天的滑雪經歷於日本、澳洲、中國大陸和紐西蘭等地，這段旅程是我專業成長的一部分。我不斷追求更高的專業水準，並不斷學習和提升技巧，為教學提供最優質的指導。每個雪季都是一段充滿挑戰和驚喜的旅程，讓我深刻體驗到滑雪所帶來的無限樂趣。', '1740645268.jpg', '2025-02-27 08:34:28'),
(3, 'Tsao', 'tsao@test.com', '哈囉！我是海豹，擁有豐富的戶外活動經驗，我不僅是一位滑雪教練，還涉獵多種水上運動。夏天時，你會發現我在游泳池裡指導游泳技巧，或者在海灘教導SUP（Stand Up Paddle Boarding）板上的動作。此外，我熱衷於潛水等各式戶外水上活動。在空閒時光，我總是不斷探索新的戶外運動，尋找更多的挑戰與樂趣。這些豐富的體育經驗也讓我在滑雪教學中注入更多的活力與豐富的戶外視野，帶給學員更全面的教學體驗。', '我是一個對戶外活動充滿熱情的人，具有豐富的戶外運動專業知識和多樣的證照，讓我在不同領域都能夠自如。從救生員到滑雪教練，從潛水員到游泳教練，我都有相關的專業資格。我的目標是結合這些專業，讓每位學員在戶外活動中盡情展現自己的潛能。我獲得了緊急救護技術員、懸吊訓練師和銀髮族體適能指導員等證照，這些資格讓我能更全面地照顧到學員的各種需求。\r\n然而，我最喜歡的戶外運動之一就是滑雪。在冬天，享受著在雪花飄舞間穿梭的快感，我希望能透過我的多年專業知識和經驗，與學員一同探索、學習，在冬季滑雪之旅中擁有一個難忘、充實的體驗。', '1740645280.jpg', '2025-02-27 08:34:40'),
(4, 'Lynn', 'lynn@test.com', '身為一名在日本生活過的空服員，熱愛獨自女子背包客旅行的我，同時是一個擁有豐富的戶外活動經驗的outdoor咖！除了冬季滑雪外，我也喜歡登山，爬過台灣大大小小百岳、中級山、夏季時更是水肺與自由潛水的美好時光。過往的人生閱歷豐富了我的觀察力、判斷力、反應力（日本人讀空氣面面俱到、空服員的專業安全訓練，女子背包客獨旅需要的避險及隨機應變），結合了大量的戶外活動經驗，在滑雪教學中擁有更靈活的教學方式並能更好的同理學生，並帶給學員更全面的滑雪體驗。', '我在全球多個知名滑雪勝地積累了豐富的滑雪經驗。滑雪足跡遍佈亞洲、澳洲及日本，包括澳洲的雪地滑行、日本的北海道粉雪、東京近郊的人造雪，以及南半球的剉冰雪。這些經歷讓我在不同雪況下磨練技術，積累了豐富的滑雪知識。\r\n這些多樣的滑雪經歷，不僅展現了我的熱情與專業，更代表了我對滑雪的深厚熱愛。滑雪對我來說，不僅是極限挑戰，更是探索世界美麗風景的媒介。這段旅程豐富了我的人生，也讓我堅定了成為滑雪教練的決心。', '1740645290.jpg', '2025-02-27 08:34:50'),
(5, 'Lia', 'lia@test.com', '大家好我是Lia，在把空服員的工作辭掉之後，去日本讀書時開始接觸到了滑雪，約莫是從2015/16年至今，滑雪成為我無法割捨的一部分。後來當背包客期間也跑去澳洲滑了兩季的雪，滑過北海道的粉雪、東京近郊的人造雪、南半球的剉冰雪，一路走來對滑雪的熱愛使我成為了一名滑雪教練。', '我在全球多個知名滑雪勝地積累了豐富的滑雪經驗。滑雪足跡遍佈亞洲、澳洲及日本，包括澳洲的雪地滑行、日本的北海道粉雪、東京近郊的人造雪，以及南半球的剉冰雪。這些經歷讓我在不同雪況下磨練技術，積累了豐富的滑雪知識。\r\n這些多樣的滑雪經歷，不僅展現了我的熱情與專業，更代表了我對滑雪的深厚熱愛。滑雪對我來說，不僅是極限挑戰，更是探索世界美麗風景的媒介。這段旅程豐富了我的人生，也讓我堅定了成為滑雪教練的決心。', '1740645396.jpg', '2025-02-27 08:36:36'),
(6, 'Steven', 'steven@test.com', '我是Steven，從小就很喜愛各種運動，可以說是有點過動，很喜歡挑戰嘗試各種不同的運動，尤其是水上的運動，還沒開始接觸雪之前我是一名救生員兼游泳教練，我最喜歡陪著很害怕水不敢下水的小朋友一直到他們敢下水甚至開始自己漂來漂去，這是我人生中很大的一個成就，畢業後就開始出國邊工作邊探索這個世界，一直到我第一次去日本踏上了雪場，第一次接觸到雪開始了不一樣的人生。', '第一次看到雪但我竟然沒有常人第一次見到雪該有的興奮，但隔天踏上雪場天又飄著小雪，看到許多高手在滑雪覺得他們好厲害好想跟他們一樣，我那顆平淡的心開始沸騰了起來，於是我在２０１７年毅然決然地開始了滑雪培訓之路，就這樣從日本每天摔得鼻青臉腫到肚子越來越腫的狀況下訓練了三個月，得到了教練的肯定後就去加拿大參加CSIA的考試直到雪季結束後，又去了剛開始雪季的澳洲和紐西蘭繼續磨練自己，後來在大陸成功考取到CSIA LEVEL2。', '1740645509.jpg', '2025-02-27 08:38:29'),
(7, 'Dylan', 'dylan@test.com', '我是Dylan，一名全職攝影師，非雪季時你也許會在朋友的婚禮上遇到我，雪季時又會在雪場看到我。 婚禮攝影、婚紗、商業人像攝影、形象照…等等相關的人像攝影是我在非雪季時忙碌的主要工作，到了 冬季雪季的到來休假成為我最享受的充電時光，並全心投入於滑雪與教學事業。定居澳洲雪梨拍照多 年，客人時常來自全世界四面八方。簡單的粵語、英文、普通話和台語溝通也是沒有問題，輕鬆且親切 的相處教學方式是我得到最好的反饋。', '數年前，在澳洲Thredbo雪場開啟了我人生的滑雪之旅。滑雪就是這麼簡單，這麼快樂。即便我當時還 不會Cturn、J turn更不用說什麼S，第一次在西班牙教練帶領下學會了落葉飄整個人就開心得不得 了。之後每年的每個雪季就是我最開心的充電時光，近年也是每年解鎖日本各大雪場。體驗各個雪場帶 來的震撼與快樂，當然少不了的就是一大堆的帥照和影片。', '1740645608.jpg', '2025-02-27 08:40:08'),
(8, 'Mladen', 'mladen@test.com', '大家好，我是 Mladen，來自 波士尼亞與赫塞哥維納，目前是一名 國際滑雪教練協會（ISIA）3級滑雪教練。自2011年以來，我一直在歐洲和日本從事滑雪教學工作，擁有超過十年的教學經驗。\r\n在加入滑雪教學行業之前，我曾是 賈霍里納奧林匹克中心的救援滑雪巡邏隊成員。這段經歷不僅讓我掌握了專業的雪場安全與救援技能，也讓我學會如何應對雪場中可能發生的各種突發情況，並始終將安全放在首位。', '我來自 波士尼亞與赫塞哥維納，是一名擁有 國際滑雪教練協會（ISIA）3級認證 的專業滑雪教練。自2011年起，我便開始從事滑雪教學工作，迄今已有十多年經驗，主要在歐洲和日本的滑雪場教授滑雪技巧。\r\n在教學過程中，我曾接觸過各種背景與年齡層的學員，包括初學者、進階滑雪愛好者，甚至是專業選手。多年來，我熟悉不同滑雪場地的特性，擅長根據學員的需求調整教學計畫，確保他們能在安全的環境中快速進步並享受滑雪的樂趣。', '1740645686.jpg', '2025-02-27 08:41:26'),
(9, '	 Eric', 'eric@test.com', '大家好，我是Eric(3H)，目前是宜蘭大學學生，也是二十八畝田農場創辦者，過去在外商擔任十年的工程師，曾在澳洲、香港居住工作長達六年，有與各國專業人員工作的經歷，因此我更了解每個人不同背景所帶來的需求與需要。比起滔滔不絕的敘述與教學，我更注重聆聽各位的聲音，因為我認為這樣才是理想的教學。', '喜歡刺激、速度感的我，在十年前接觸了滑雪這項運動後，就深深著迷不已。每到冬天都會跟公司請長假投入滑雪這項運動。如今為了能夠更自由的安排生活，我從公司離開投入了農業與滑雪產業，目前努力地要將喜愛的事物都擺在我的眼前。\r\n如果您也是喜愛自由奔放的朋友們，切勿錯過與我們共同享受在雪上悠游的機會。', '1740645979.jpg', '2025-02-27 08:46:19'),
(10, 'Chris', 'chris@test.com', '我是chris教練，我從2015/16年的日本雪季開始滑雪，在2018年紐西蘭拿到教練證以後開始教學。我是紐西蘭單板2級證。', '我在紐西蘭有5個雪季的經驗，在日本4個雪季及韓國1個雪季的經驗。在北半球的雪季時主要以日本北海道富良野作為據點，在南半球的雪季時則是紐西蘭的瓦納卡，常常在這裡上教練培訓課程。', '1740646088.jpg', '2025-02-27 08:48:08'),
(11, 'Dante', 'dante@test.com', '出生於炙熱島國的台灣南部人，因緣際會中丟下在台灣的工作來到北海道玩起了滑雪，一試成主顧後便發誓要把馳騁於雪上的快感傳達給更多人。', '座標二世谷-新雪谷全山 ，單、雙板兼修，滑雪課程風格簡單易懂、口齒清晰、幽默風趣，偶而會忍不住的嘴嘴人，無論害羞或是開朗的您，都相當適合來嘗試體驗丹堤的滑雪課程。 夏天時是業餘的農夫、旅行者跟Youtube網紅，如果您因緣際會來到北海道這片土地，請允許我占用您一點時間，一同感受充滿顏色的繽紛北海道吧。', '1740646302.jpg', '2025-02-27 08:51:42'),
(12, 'Kevin', 'kevin@test.com', '土生土長的台灣人，熱愛戶外活動，一直以來都是泡在大海中， 嘗試過各式各樣的海上活動，最後卻在因緣際會之下接觸到了滑雪， 從此成為了一名滑雪教練。 滑雪課程的教學風格輕鬆簡單，注重安全，但最重要的還是帥。', '不用想太多，滑雪一點都不難，多做幾個深蹲，讓專業的滑雪教練帶您享受在二世谷-新雪谷全山的粉雪中翱翔。 而北海道夏季有著宜人的氣溫及水溫，綠意盎然山明水秀，有別於氣候嚴峻的冬天，也來和我一起享受北海道的自然吧。', '1740646441.jpg', '2025-02-27 08:54:01'),
(13, 'Jerry', 'jerry@test.com', '我是Jerry，因為老婆是北海道人，所以開始接觸到滑雪。 因台灣大多數人都沒有體驗過滑雪，對於滑雪課程都是既期待又怕受傷害， 就讓專業的滑雪教練帶領你們好好感受一下滑雪的樂趣吧!', '作為一名滑雪教練，我已經有五年的經驗，主要教授初學者和中級滑雪者。在這段期間，我不僅教授滑雪技巧，還專注於幫助學員克服心理障礙，讓他們對滑雪產生信心。我有豐富的跨文化教學經驗，曾在瑞士和加拿大的滑雪場工作，這讓我能夠適應不同背景的學員，根據他們的需求量身定制課程。我的課程內容涵蓋滑雪基礎、滑行技巧、急停技術以及如何安全應對雪地環境中的各種挑戰。', '1740646656.jpg', '2025-02-27 08:57:36'),
(14, 'Han', 'han@test.com', '大家好，我是瀚(CHUNG HAN CHIEH)，已熱衷於滑雪運動這項目7年了， 去過澳洲Buller雪場、長野白馬Hakuba雪場、北海道Kiroro、富良野Furano，就以北海道的雪最為多又是頂級的粉雪了。 ', '粉雪的好只有滑過才知道，快來北海道體驗一下我的滑雪課程吧！ 我身為滑雪教練，喜歡用輕鬆有趣的方式來分享滑雪的樂趣，滑雪就是要有趣才能學得快又好，希望能在這季二世谷NISEKO與您相見！', '1740646744.jpg', '2025-02-27 08:59:04'),
(15, 'Julian', 'julian@test.com', 'Hi，我是Julian(HUANG CHIA AN)!是個夏天在教水肺潛水、冬天在教滑雪的兩棲動物。 距離第一次接觸滑雪已經8年了，深深愛著這項運動。', '第一季在北海道星野度假村教學，就拿下指名王的殊榮。 第二季在加拿大Nakiska滑雪場教學，指定獎金排名也榮獲第五名，排在當地教練之後。 單、雙板都能教，中英文都通哦! 我的教學風格幽默輕鬆有趣、因材施教，會針對每個人發生不同的狀況而做不同的講解與練習，當然，安全第一! 希望可以在北海道把滑雪的快樂分享給大家，趕快來上課吧!', '1740646815.jpg', '2025-02-27 09:00:15'),
(16, 'Jess', 'jess@test.com', '嗨我是Jess(CHEN CHIA YI)，出生在沒有雪的寶島台灣，2018第一次在澳洲滑雪後就愛上了滑雪，因為太愛滑雪了，接著追著雪到了日本和紐西蘭滑雪，只為了能滑更多的雪。 我會以安全又輕鬆的教學方式，帶著你體驗滑雪的樂趣，免不了的還有拍帥氣的滑雪照，不論是想學單板還是雙板，我都會手把手的帶著你輕鬆的學習，快來二世谷找我一起滑雪吧！', '我是一位積極主動且富有耐心的滑雪教練，擁有超過三年的教學經驗。在我的課堂上，我強調滑雪技巧的穩定性和安全性，並且會根據學員的不同需求，制定個性化的課程。我曾在澳洲的滑雪場工作，這裡的高難度雪道對我來說是一個巨大的挑戰，但同時也讓我成長了許多。我的教學方法強調反覆練習和實際應用，幫助學員更快掌握各種滑雪技巧。', '1740646964.jpg', '2025-02-27 09:07:13'),
(17, 'Moon', 'moon@test.com', '嗨，我是沐恩(Hung Leng Cheong )。你的00後滑雪教練！ 在加拿大溫哥華生活了11年的澳門人。疫情期間因為Youtube算法，讓我在22年3月開始接觸滑雪，短短2年時間就成為加拿大單板二級指導員。 無論你是新手，還是想進階，我會因材施教。永遠把學生安全放在第一位，還會給你拍好看的照片！希望今年我能在日本二世谷讓你體驗到滑雪的樂趣。', '成為滑雪教練是我一直以來的夢想，這份工作讓我充滿熱情。每當學員突破自己的極限，我都會感到無比的成就感。我曾在多個國際滑雪場工作，這些經歷使我能夠應對各種不同的學員需求。我對初學者特別有耐心，並會根據他們的學習狀況提供具體的指導，幫助他們逐步掌握技巧，讓滑雪成為他們生活中的一部分。我相信，滑雪的樂趣來自於每次挑戰成功後的快感。', '1740647050.jpg', '2025-02-27 09:04:10'),
(18, 'Alice', 'alice@test.com', 'Hello 我是Alice(Fan Rong)，在紐西蘭第一次滑雪後就深深喜歡上這項運動，被滑雪能看見的美麗風景震撼，也很享受滑雪進步時的成就感和每趟滑行單純的樂趣。今年會是我在北海道教課的第三季，也親身體會過二世谷無限的粉雪，「粉雪天堂」之稱是名不虛傳，邀請你也來滑雪吧 ！', '作為一名滑雪教練，我已經有兩年的經驗，主要教授初學者和中級滑雪者。在這段期間，我不僅教授滑雪技巧，還專注於幫助學員克服心理障礙，讓他們對滑雪產生信心。我有豐富的跨文化教學經驗，曾在瑞士和加拿大的滑雪場工作，這讓我能夠適應不同背景的學員，根據他們的需求量身定制課程。我的課程內容涵蓋滑雪基礎、滑行技巧、急停技術以及如何安全應對雪地環境中的各種挑戰。', '1740647195.jpg', '2025-02-27 09:06:35'),
(19, 'Hao', 'hao@test.com', 'Hi! 我是Hao(YU CHING HAO). 自2020年在澳洲開始滑雪從此愛上這個雪白世界。 擅長由淺入深系統化教學，帶你從0基礎到流暢換刃，進階者跑山刷道走樹林，用安全並有效率的方式學習，不論是小孩還是大人都可以體驗到滑雪的樂趣，相信我滑雪會上癮！ 不管你想學單板還是雙板，24/25來北海道找我一起探索日本的粉雪天堂吧！', '我夢想成為一名滑雪教練。主要教授成人和青少年滑雪課程。我認為滑雪不僅僅是體力挑戰，還是一個心理挑戰。每個學員的進步都來自於自信的建立，因此我注重教學過程中的正向鼓勵。我曾在日本的滑雪場擔任教練，這段經歷讓我接觸到了不同文化的學員，也提高了我的跨文化交流能力。', '1740647388.jpg', '2025-02-27 09:09:48'),
(20, 'Henry', 'henry@test.com', 'Hi！我是亨利 Henry(LIN TZU CHUN)，是你的雙板滑雪教練，也是一名職業攝影師。 在我的課程中，你不僅能學習滑雪的知識及技巧，也可以學會如何拍出更出片的滑雪照片，無論你是初學者還是進階，我都會確保你的滑雪之旅既安全又充滿收穫。 滑雪已經陪伴我七年，曾經走訪過許多雪場，但二世谷仍是我心中的首選。期待我們能在二世谷創造美好的回憶、在往後的日子都能永生難忘。', '我是一名具有國際認證的滑雪教練。我的課程設計以安全為首要目標，並根據不同學員的需求量身定制。我專注於幫助學員快速掌握滑雪的基本技巧，並在此基礎上提升他們的滑雪能力。我也非常重視心理訓練，鼓勵學員不畏懼挑戰，勇於嘗試。', '1740647462.jpg', '2025-02-27 09:11:02'),
(21, 'Phoebe', 'phoebe@test.com', '大家好，我是Phoebe(WANG YAN ROU)，熱愛與大家分享滑雪的樂趣。澳洲Perisher滑雪度假村度過了一個雪季，累積了一些單板滑雪的經驗。我特別喜歡帶領新手團隊，看到大家第一次感受到滑雪的快樂。我希望能幫助大家在雪道上建立信心，並享受滑雪的過程。無論你是第一次踏上雪板，還是想學習基礎技巧，我都會全力幫助你，讓你在滑雪中找到樂趣！', '我愛上滑雪，並將這份熱情轉化為我的職業。成為滑雪教練已經五年了，這段時間內我主要教授初學者和中級學員。在我的課程中，我強調基礎技巧的重要性，讓學員能夠快速提高自信，並學會如何在不同雪道上安全滑行。', '1740647609.jpg', '2025-02-27 09:13:29'),
(22, 'Alex', 'alex@test.com', '2006年在日本野澤開始接觸滑雪，愛上在銀白色世界飛馳的樂趣。', '至今已有十多年教學經驗，曾在那魯灣旅行社與中國松雪滑雪學校任職過，帶過技術升級班也培訓過多位指導員。', '1740648012.jpeg', '2025-02-27 09:20:12'),
(23, 'DB', 'db@test.com', '我是 Doublebond (DB)\r\n香港人，快要成為台灣人，操流利中文跟英文，當然還有廣東話！\r\n香港理工大學廣告設計系畢業SB 教練，廣告導演，攝影師，美術指導，咖啡師，餐廳老闆\r\n曾經是運動員，學生時期籃球排球手球乒乓球羽毛球田徑短跑擲項\r\n都是校隊的我，因為一次受傷，有十年都沒有認真運動過\r\n直到 2015 年接觸了 SB，把我的運動魂再一次喚醒了！', '苗場，田代，湯沢，野沢，斑尾，妙高，白馬，輕井澤，藏王\r\n富良野，二世谷，留壽都，Falls Creek，Hotham，Mt. Buller 等 共六百多天\r\n特別喜歡速度的快感，特愛 Carving 刻滑，醉心研究不同 style 的 Carving\r\n教學理念', '1740648212.jpg', '2025-02-27 09:23:32'),
(24, 'Gary', 'gary@test.com', 'Hi  我是Gary，是個重度雪癌患者，沒雪的時候就是規劃今年去哪滑雪，然後跟雪友聚會，買賣二手雪具!', '我滑雪剛開始也是跟團，因為跟團會把一切都安排好，機票、交通、食宿、裝備、教練都不用自己擔心！但回來後發覺深深的不滿足感，滑3天實在是太少了，而且出國一趟還想多玩幾天、多去些地方、吃些美食！\r\n因此回來後就開始買裝備，規劃隔年的行程，因為有了跟團的經驗，所以要準備那些項目大致都有個底，隔年就完成了第一次自助滑雪行程。', '1740648327.jpg', '2025-02-27 09:25:27'),
(25, 'Pang', 'pang@test.com', '大家好，我是小胖，一位來自台灣的前冠軍滑水國手。\r\n自小就喜歡運動的我，從小學二年級開始接觸空手道，直到16歲那年夏天，我開始接觸寬板滑水運動，從此開啟了我的滑板人生。', '\r\n在過去的14年時間裡，我一直在從事寬板滑水教學的工作，並於2015年冬天取得了滑雪指導員的執照。因為滑水跟滑雪在板子控制方面有很大的相似處，我對於教學這方面有很大的興趣。因此，我成就了「夏天滑水，冬天滑雪」的熱血人生！', '1740648478.jpg', '2025-02-27 09:27:58'),
(26, 'PonPon', 'ponpon@test.com', 'PonPon 是樂於助人的單、雙板教練，也是活潑親切的空服姐姐。\r\n 喜歡各種戶外活動，攀岩、溯溪、獨木舟。而雪季與友人在雪道奔馳、共享夕陽片刻，和小朋友們探索雪場一起歡笑，是 PonPon 最珍惜的時光。', '014 年遇見 SKYDIY 團隊後，教練們對滑雪的熱情與專業讓 PonPon 心生嚮往！決定也投身推廣滑雪運動、提供行程幫助。於是在 2019 考取 CASI 1 級單板教練證照， 2022 再成功取得紐西蘭單板 SBINZ 2 級和雙板 NZSIA 1 級。', '1740649316.jpg', '2025-02-27 09:41:56'),
(27, 'Annie', 'annie@test.com', '哈囉，我是Annie，一個滑雪職人。\r\n職人(しょくにん)，大多一輩子只做一件事，把這件事做精做細。滑雪，成為我這輩子想一直鑽研的一件事。\r\n學生時代在瑞士認識滑雪後，立志以此作為專長。畢業後，透過澳洲打工度假取得一級證照，同年在一家北海道滑雪學校開啟了教練生涯。', '教學的這五年來，歷經忙碌的教學工作和學校給予的各類培訓，現在的我已經是單、雙板的二級指導員。\r\n為了提供更理想有效的教學，我夏天還會前往紐西蘭參加高階指導員滑行和教學訓練，對於滑雪這件事，我持續進修充實新知。\r\n因為，我相信，好的教練必須在專業上不停的學習，帶給學生更好、更有效率的知識和方法，才能對信任你的學生盡到最大的負責。\r\n各位的自助旅行者們，歡迎來北海道找我滑雪，讓我用一身滑行武功和教學經驗，幫助你們在雪世界享受樂趣吧！', '1740649688.jpg', '2025-02-27 09:48:08'),
(28, 'Amber', 'amber@test.com', '師大體育系研究所畢業的體育人，熱愛各種運動。\r\n沒接觸滑雪前，覺得每天都能運動的體育教師已經是夢寐以求的工作；但一踏上滑雪板後才發現，真正夢幻又完整的生活絕對是每天一睜開眼，就能滑雪！', '安全最重要、樂趣與技巧並重，我以多年的體育運動教學經驗，應用在滑雪運動上。\r\n期待幫助大家在最安全的環境、最有趣的情境中，以最有效率的方式學會滑雪這項極致帥氣的運動，一起享受暢快滑行、逛山欣賞雪景以及征服銀白大地的樂趣。', '1740649833.jpg', '2025-02-27 09:50:33'),
(29, 'Jeter', 'jeter@test.com', '阿徽是台大研究所畢業，從小被家庭培養出來的乖乖牌學生，一路求學以來擔任助教、領獎學金、發表國際期刊，畢業後分別進入公家機關及某大顧問司任職超過10年。\r\n考取各種技能執照及考取國家專技高考應用地質技師，都是走符合家庭期望的道路，然而接觸滑雪後，展開了人生另外一段旅程。', '阿徽從2011年開始接觸滑雪後，發現滑雪(SB)是一個很有趣的運動，會讓每人每年都想去滑雪，即使是一樣的雪場。\r\n另外投入很多時間，精神，體力在滑雪的領域中，讓身邊的親人、同事、同學、朋友都覺得我中了頭獎，可以常常出國去滑雪，故部落格名稱雪友稱之為頭獎徽。', '1740649935.jpg', '2025-02-27 09:52:15'),
(30, 'Johney', 'johney@test.com', 'Hi, 我是Johney\r\n是多元工作者，從事接案平面、商品、人物靜態拍攝，影音後製及兼職跑酷跟空翻教學，冬季則在日本滑雪教學。\r\n喜歡參與動態活動，個性明朗，熱忱與人的互動。', '利用開放、封閉式的問題引導與學生互動，啟發學生能在學習過程中自身的思考能力；利用指定練習動作來拆解一項技能所需要的能力及確保理解學生瞭解的狀態，而來充份練習掌握身體的協調性跟信心。教學過程會是個挑戰也是愉快的回憶。將滑雪的熱情渲染給學生們。', '1740650036.jpg', '2025-02-27 09:53:56');

-- --------------------------------------------------------

--
-- 資料表結構 `coupon`
--

CREATE TABLE `coupon` (
  `id` int(10) UNSIGNED NOT NULL,
  `name` varchar(20) NOT NULL,
  `code` varchar(20) NOT NULL,
  `startAt` date NOT NULL,
  `endAt` date NOT NULL,
  `usageLimit` int(11) NOT NULL,
  `minPurchase` int(11) NOT NULL,
  `createdAt` datetime NOT NULL,
  `type_id` int(11) NOT NULL,
  `coupon_target_id` int(11) NOT NULL
) ENGINE=InnoDB DEFAULT CHARSET=utf8mb4 COLLATE=utf8mb4_unicode_ci;

--
-- 傾印資料表的資料 `coupon`
--

INSERT INTO `coupon` (`id`, `name`, `code`, `startAt`, `endAt`, `usageLimit`, `minPurchase`, `createdAt`, `type_id`, `coupon_target_id`) VALUES
(1, '冰雪狂歡券', 'GDVkpAWwPblj', '2025-02-28', '2025-03-15', 300, 3000, '2025-02-27 18:06:27', 22, 1),
(2, '滑雪之星券', 'eaIFI8i8s5EP', '2025-03-07', '2025-03-13', 300, 5000, '2025-02-27 18:06:52', 27, 3),
(3, '冰峰特惠券', 'HQEWIdtOCkUi', '2025-03-13', '2025-03-21', 350, 3450, '2025-02-27 18:07:16', 22, 2),
(4, '雪韻優惠券', 'ofGwJqactVfM', '2025-03-11', '2025-03-20', 100, 1000, '2025-02-27 18:07:43', 12, 1),
(5, '極速滑雪券', '_GCtLNjZb_-L', '2025-02-28', '2025-03-20', 250, 1500, '2025-02-27 18:08:08', 14, 2),
(6, '雪地狂飆券', 'Jqc7VUduTN1Y', '2025-03-13', '2025-03-20', 100, 2500, '2025-02-27 18:08:33', 15, 2),
(7, '極限滑行券', 'jMvFPHcvtawd', '2025-03-14', '2025-03-21', 100, 1600, '2025-02-27 18:08:54', 19, 3),
(8, '冰川冒險券', 'jyZEpevdaR7t', '2025-03-13', '2025-03-26', 100, 550, '2025-02-27 18:09:30', 22, 2),
(9, '雪原探險券', 'Xh_zw1uTFKkE', '2025-02-28', '2025-03-20', 250, 2500, '2025-02-27 18:09:57', 15, 2),
(10, '冰封奇遇券', '3ZMKYz-WrrYv', '2025-03-14', '2025-03-26', 125, 1250, '2025-02-27 18:10:21', 20, 2),
(11, '冰雪狂歡券', '3Ym1bBNd_zSr', '2025-03-06', '2025-03-14', 350, 4000, '2025-02-27 18:10:49', 1, 2),
(12, '滑雪之星券', 'n8WUD7FDKiLz', '2025-02-28', '2025-03-13', 150, 2500, '2025-02-27 18:11:12', 13, 2),
(13, '冰峰特惠券', 'rcE66Yr0aut7', '2025-02-28', '2025-03-05', 100, 500, '2025-02-27 18:11:36', 14, 3),
(14, '雪韻優惠券', 'f92ynsvIXT5C', '2025-03-07', '2025-03-12', 200, 500, '2025-02-27 18:12:04', 12, 2),
(15, '極速滑雪券', 'tqco4W0MpatZ', '2025-02-28', '2025-03-18', 400, 1000, '2025-02-27 18:12:34', 22, 2),
(16, '雪地狂飆券', '4gfxwRcSDZuO', '2025-03-06', '2025-03-20', 200, 2500, '2025-02-27 18:12:56', 1, 2),
(17, '極限滑行券', 'G4k4--dRINh3', '2025-02-28', '2025-03-20', 50, 5000, '2025-02-27 18:13:20', 28, 3),
(18, '冰川冒險券', 'N9agsCustUWx', '2025-03-11', '2025-03-21', 300, 1500, '2025-02-27 18:13:45', 15, 2),
(19, '雪原探險券', 'bFfHGjpT-RCd', '2025-02-28', '2025-03-13', 350, 3500, '2025-02-27 18:14:07', 22, 1),
(20, '冰封奇遇券', 'SpugnW4uPOCg', '2025-02-28', '2025-03-15', 350, 2500, '2025-02-27 18:14:47', 29, 2),
(21, '冰雪樂活券', 'uw-tyTUZqN0y', '2025-03-05', '2025-03-14', 300, 2500, '2025-02-27 18:15:47', 1, 3),
(22, '冰雪狂歡券', 'ZHzBqkKWvVzi', '2025-03-04', '2025-03-14', 350, 2500, '2025-02-27 18:16:23', 15, 2),
(23, '冰雪樂活券', 'YaKg23EdgE2j', '2025-02-28', '2025-03-20', 300, 2500, '2025-02-27 18:16:47', 22, 3),
(24, '滑雪狂熱券', 'qw5nWvG_9kq7', '2025-02-28', '2025-03-20', 350, 2500, '2025-02-27 18:17:11', 15, 1),
(25, '滑雪狂熱券', 'opG7HXpijrjn', '2025-02-28', '2025-03-15', 300, 3000, '2025-02-27 18:17:31', 10, 1),
(26, '雪域探險券', '_s9nGbFs5PLZ', '2025-03-08', '2025-03-12', 200, 500, '2025-02-27 18:17:57', 18, 2),
(27, '雪域探險券', 'r0QMrbCSNd18', '2025-03-05', '2025-03-12', 350, 100, '2025-02-27 18:18:18', 10, 3),
(28, '冰河奇遇券', 'WGT4isGqECke', '2025-02-28', '2025-03-20', 300, 2500, '2025-02-27 18:18:37', 30, 1),
(29, '冰河奇遇券', 'nqmxald2Ilc4', '2025-03-07', '2025-03-20', 350, 2500, '2025-02-27 18:18:56', 15, 3),
(30, '極限冰封券', 'D5c1rHXu2m4j', '2025-02-28', '2025-03-12', 50, 3000, '2025-02-27 18:19:22', 18, 2);

-- --------------------------------------------------------

--
-- 資料表結構 `coupon_target`
--

CREATE TABLE `coupon_target` (
  `id` int(10) UNSIGNED NOT NULL,
  `target` varchar(20) NOT NULL
) ENGINE=InnoDB DEFAULT CHARSET=utf8mb4 COLLATE=utf8mb4_unicode_ci;

--
-- 傾印資料表的資料 `coupon_target`
--

INSERT INTO `coupon_target` (`id`, `target`) VALUES
(1, '課程'),
(2, '商品'),
(3, '全站');

-- --------------------------------------------------------

--
-- 資料表結構 `coupon_type`
--

CREATE TABLE `coupon_type` (
  `id` int(10) UNSIGNED NOT NULL,
  `amount` int(11) NOT NULL,
  `type` varchar(20) NOT NULL
) ENGINE=InnoDB DEFAULT CHARSET=utf8mb4 COLLATE=utf8mb4_unicode_ci;

--
-- 傾印資料表的資料 `coupon_type`
--

INSERT INTO `coupon_type` (`id`, `amount`, `type`) VALUES
(1, 300, '現金'),
(2, 50, '百分比折扣'),
(3, 40, '百分比折扣'),
(4, 40, '百分比折扣'),
(5, 100, '現金'),
(6, 40, '百分比折扣'),
(7, 40, '百分比折扣'),
(8, 50, '百分比折扣'),
(9, 0, '現金'),
(10, 400, '現金'),
(11, 40, '百分比折扣'),
(12, 20, '百分比折扣'),
(13, 600, '現金'),
(14, 10, '百分比折扣'),
(15, 25, '百分比折扣'),
(16, 350, '現金'),
(17, 550, '現金'),
(18, 15, '百分比折扣'),
(19, 35, '百分比折扣'),
(20, 45, '百分比折扣'),
(21, 30, '百分比折扣'),
(22, 500, '現金'),
(23, 40, '現金'),
(24, 1233, '現金'),
(25, 40, '百分比折扣'),
(26, 40, '百分比折扣'),
(27, 50, '百分比折扣'),
(28, 50, '百分比折扣'),
(29, 150, '現金'),
(30, 500, '百分比折扣'),
(31, 12, '百分比折扣');

-- --------------------------------------------------------

--
-- 資料表結構 `course`
--

CREATE TABLE `course` (
  `id` int(10) UNSIGNED NOT NULL COMMENT '課程 ID',
  `name` varchar(255) NOT NULL COMMENT '課程名稱',
  `description` text NOT NULL COMMENT '課程描述'
) ENGINE=InnoDB DEFAULT CHARSET=utf8mb4 COLLATE=utf8mb4_unicode_ci;

--
-- 傾印資料表的資料 `course`
--

INSERT INTO `course` (`id`, `name`, `description`) VALUES
(1, '北海道富良野滑雪場一日滑雪體驗｜ 華語 SAJ教練全程指導｜札幌出發', '一日富良野滑雪度假村之旅，距離札幌僅2小時車程。這裡擁有頂級的粉雪和令人驚歎的風景，是您度過一天滑雪的完美選擇。富良野滑雪場擁有20多個多樣化的坡道，包括長達刺激的4,000米的史詩滑道，適合所有等級的滑雪愛好者。\r\n\r\n新手無需擔心！我們專業的華語SAJ滑雪教練將在小班環境中自信地引導您。我們為您準備好滑雪裝備，包括雪靴、滑雪板和滑雪杖。輕鬆享受從札幌來回的巴士接送。讓我們一同來感受滑雪樂趣，開啟屬於您的精彩冒險！'),
(2, '新潟舞子滑雪場｜3 小時中文滑雪課程', '位於日本雪之鄉 ── 湯澤的新潟舞子滑雪場，提供精心打造的私人中文滑雪課程！有專屬的滑雪教練，不用煩惱跟別人湊團上課！教練均持證上崗，具有豐富的滑雪教學經驗，會依學生程度客製化上課內容，超適合想要累積紮實滑雪技術的各位，期待與大家在日本的雪山之巔相遇！\r\n\r\n\r\n活動特色\r\n・全中文教學：心無旁騖地學習滑雪，有不理解的地方直接發問，不怕溝通不了\r\n・專業教練團隊：所有教練均為 SAJ 專業認證教練，全心全意提供最專業的滑行指導\r\n・官方認定：提供正規的 SAJ 和 JSBA 滑行等級考試服務，一展你的好身手\r\n・滑雪保障：本校已投保學員在日醫療費用，更安心享受滑雪之旅\r\n\r\n集合地點說明\r\n＊關於舞子滑雪場交通\r\n・從「越後湯澤車站」東口出來後，乘坐到「舞子高原酒店」的接駁巴士⇨進入酒店⇨購買滑雪卷⇨上二樓⇨到滑雪場入口\r\n⚠️從車站到舞子滑雪場的接駁巴士有 A、B 兩種，A 是去「舞子高原酒店」，請留意需乘坐 A 型巴士才可以到集合點喔！\r\n・集合前請先準備好滑雪裝備及雪票，預約時間到後便會直接開始課程。'),
(3, '想要滑雪就像喝可樂一樣簡單嗎！', '你總是羨慕別人在雪地上自由滑行，而自己只能站在旁邊發呆嗎？這門課程就是為你準備的！我們將從最基本的裝備介紹開始，教你如何正確穿戴雪靴、固定滑雪板，以及如何在雪地上行走、轉身和滑動。接下來，我們會教授你基礎的平衡技巧、重心控制，讓你在滑行時不再東倒西歪。同時，我們的教練會帶你練習最重要的「剎車技巧」，確保你能夠安全停下，不用擔心一路衝到底！課程結束後，你將能夠自信地在初級雪道上滑行，不再是個雪地菜鳥，而是能夠掌控雪板的新手滑雪者！'),
(4, '【中級班｜雙板｜北海道二世谷】野雪塾日本私人滑雪課', '＊本方案適合至少會可半制動轉彎 / Ａ字轉彎 / 內八字轉彎且並腿斜滑的學員體驗\r\n＊請於下訂後一週內回填完參加者資料，以利體驗商做後續課程安排\r\n\r\n活動介紹\r\n\r\n在日本的長野白馬、二世谷等知名滑雪場，提供全華語的私人滑雪課程！不用跟陌生人一起上課，一點都不會尷尬！而且野雪塾的教練都持有國際滑雪證照，教學風格專業又有趣。\r\n\r\n此外，教練有投保指導員執行業務責任險，讓小朋友在歡樂中學習滑雪更安心。快來一起感受冬日滑雪的刺激與樂趣吧！\r\n\r\n\r\n活動特色\r\n\r\n全華語教學：用最熟悉的語言學滑雪，不用擔心無法溝通，還要比手畫腳\r\n一對一授課：不用跟陌生人併班、等別人，也不用耽誤別人，完全不會尷尬\r\n國際認證教練：教練都有美國、加拿大、紐西蘭或日本等國的滑雪指導員證書，專業又安全\r\n高額責任險：本校已投保指導員執行業務責任險，保額每人 1 億日圓、每事件 5 億日圓\r\n\r\n活動流程\r\n\r\n＊以全天課為例，請依實際狀況為主\r\n\r\n10:00｜開始上午課程，認識雪具使用方法，練習雪板控制煞車和轉彎\r\n12:30｜午餐休息\r\n13:30｜開始下午課程，練習滑行和上下纜車\r\n16:00｜下午課程結束\r\n滑雪安全守則（ 詳見下方影片 ＆ 購買須知 - 注意事項 ）\r\n\r\n＊報名前及滑雪前務必仔細觀看，以利滑雪課程順利進行\r\n\r\n＊出發前請務必確認是否有自行投保旅平險、責任險，以及入境日本後自行投保日本醫療險，以因應突發狀況\r\n\r\n下坡方有優先權\r\n滑行前注意周遭\r\n勿停留在盲角及擋路\r\n不要因為跌倒挫折而失控\r\n不要搞丟器材\r\n遵守雪場標誌\r\n互相尊重\r\n如有跌倒等暫停滑雪之情形，請留在原地等待教練或相關人員協助\r\n安全第一，請注意安全'),
(5, '新潟神立滑雪場｜4 小時中文滑雪課程', '活動介紹\r\n位於日本雪之鄉 ── 湯澤的新潟神立滑雪場，提供精心打造的私人中文滑雪課程！有專屬的滑雪教練，不用煩惱跟別人湊團上課！教練均持證上崗，具有豐富的滑雪教學經驗，會依學生程度客製化上課內容，超適合想要累積紮實滑雪技術的各位，期待與大家在日本的雪山之巔相遇！\r\n\r\n\r\n活動特色\r\n・全中文教學：心無旁騖地學習滑雪，有不理解的地方直接發問，不怕溝通不了\r\n・專業教練團隊：所有教練均為 SAJ 專業認證教練，全心全意提供最專業的滑行指導\r\n・官方認定：提供正規的 SAJ 和 JSBA 滑行等級考試服務，一展你的好身手\r\n・滑雪保障：本校已投保學員在日醫療費用，更安心享受滑雪之旅\r\n\r\n集合地點說明\r\n在購票大廳（2 樓）旁邊的滑雪學校櫃檯集合。\r\n集合前請先準備好（租借好）滑雪用具、滑雪服並穿戴上，另外纜車票、滑雪票也請先購買、收好喔！'),
(6, '【進階班｜雙板｜北海道夕張】野雪塾日本私人滑雪課', '1'),
(7, '「不摔不學？讓你優雅起步！」', '許多人說「滑雪不摔怎麼學？」但我們的課程目標就是讓你摔得更少、學得更快！本課程專為初學者設計，重點放在如何建立良好的姿勢和習慣，讓你在學習過程中更輕鬆、更有自信。我們的教練會帶領你從雪地適應開始，讓你習慣雪地的觸感，再教你如何使用重心來控制滑行方向與速度。此外，我們會特別強調安全摔倒和站起來的方法，確保你在學習過程中能夠安全無憂。透過這堂課，你將能夠以最穩定的方式掌握滑雪的基本技巧，優雅地踏出你的第一步！'),
(8, '「雪道衝刺，挑戰自我極限！進階玩家誕生！」', '你已經能夠在初級雪道上順利滑行，但覺得速度還不夠快，動作還不夠流暢？這門課程將幫助你進一步提升技術，讓你的滑行更加順暢與自信。我們的專業教練會帶你挑戰更陡峭的雪道，讓你學習如何在高速滑行時保持穩定，並掌握更精準的轉彎技巧。同時，你還將學會如何調整身體重心，以應對不同地形的變化，確保在任何情況下都能順利滑行。這堂課不只是提升速度，更是讓你建立真正的雪道掌控力，讓你能夠駕馭更多不同類型的雪道，迎接更高級的滑雪挑戰！'),
(12, '「從新手晉升雪道高手！流暢滑行與高級轉彎訓練」', '如果你已經不滿足於基本滑行，希望能夠像專業滑雪者一樣流暢轉彎、穩定下坡，那麼這堂課將會是你的完美選擇！本課程專注於滑行時的平衡控制，讓你在更陡的坡度上也能保持穩定，並練習進階的「平行轉彎（Parallel Turns）」技巧。我們的教練將指導你如何利用核心肌群與下半身力量來完成順暢的轉彎，並強化你對雪道的感知能力。此外，我們還會教授如何在不同雪況下調整滑行方式，例如如何應對較硬的雪面或是新鮮粉雪，確保你能夠靈活應對各種挑戰。上完這門課，你將從「會滑雪」晉升為真正能夠「掌控滑雪」的高手！'),
(13, '「速度與平衡的完美結合！挑戰更陡、更快的雪道！」', '滑雪的真正樂趣來自於速度與掌控力的結合！如果你覺得自己已經能夠穩定滑行，卻還不太敢加速，那麼這門課程將幫助你建立自信，讓你更勇敢地挑戰更高速的滑行方式！課程將重點教導你如何提升速度同時保持平衡，並強化你的滑雪姿勢，減少不必要的體力消耗。此外，我們將帶領你挑戰更具挑戰性的雪道，教你如何在陡坡上減速與變換方向，以更靈活的方式控制滑行。這門課將讓你突破心理與技術上的瓶頸，讓你享受真正的速度快感，同時保持最高的安全性！'),
(14, '「Faker的塔莉雅：滑雪場上的疾風，精準掌控地形！」', '如果說滑雪是一門藝術，那麼Faker操控塔莉雅的方式，就像是一位極限級滑雪高手，以毫釐不差的技術，征服最具挑戰性的雪道。他的塔莉雅並不只是單純的輸出機器，而是像高山滑雪運動員一樣，利用每一個地形變化，打造最完美的節奏與路線。'),
(15, '「雪道衝刺，挑戰自我極限！進階玩家誕生！」', '你已經能夠在初級雪道上順利滑行，但覺得速度還不夠快，動作還不夠流暢？這門課程將幫助你進一步提升技術，讓你的滑行更加順暢與自信。我們的專業教練會帶你挑戰更陡峭的雪道，讓你學習如何在高速滑行時保持穩定，並掌握更精準的轉彎技巧。同時，你還將學會如何調整身體重心，以應對不同地形的變化，確保在任何情況下都能順利滑行。這堂課不只是提升速度，更是讓你建立真正的雪道掌控力，讓你能夠駕馭更多不同類型的雪道，迎接更高級的滑雪挑戰！'),
(16, '從滑行到風馳雪地！提升速度與流暢度，滑出你的風格！」', '如果你已經能夠在基本雪道上滑行，但覺得自己的動作還不夠流暢，那麼這堂課程將幫助你提升滑行的速度控制與連貫性。我們將教導你如何調整身體重心，使你的轉彎更加順滑，不再卡頓或急停，讓你能夠以更自由的方式馳騁雪道。此外，教練還會幫助你克服對速度的恐懼，讓你在滑雪時能夠更放鬆地應對不同坡度，學會如何在不失控的情況下自然加速與減速。這門課程將讓你的滑行變得更加優雅與流暢，讓你感受到真正的滑雪快感！'),
(17, '「解鎖單板滑雪的核心技術！刻滑（Carving）入門訓練！」', '想要讓你的滑行更像專業單板滑雪者，擺脫生硬的推滑方式？本課程將帶你進入刻滑（Carving）的世界，學習如何利用單板的邊緣來進行轉彎，讓你能夠以更小的阻力滑行，享受絲滑般的雪道體驗！我們將教授你如何正確地將身體重心轉移到雪板邊緣，並控制適當的傾斜角度，以實現更快速、更穩定的轉彎。此外，這堂課還會教授你如何在不同的坡度上進行刻滑，讓你能夠更靈活地適應各種地形。這是從中級進階到高級的一大關鍵技術，讓你的單板滑行更加流暢與專業！'),
(18, '「提高穩定性！如何在不同雪況下保持最佳平衡與控制？」', '你是否曾經在雪況不佳時感到難以駕馭單板？有時候雪道變得過於結冰，或是剛下過一場大雪，讓你的滑行變得更加困難？這堂課程將帶你學習如何適應不同的雪況，並在各種條件下保持最佳平衡與控制。我們將教你如何在較硬的雪面上更穩定地抓地，如何在較鬆軟的粉雪中進行適當的重心調整，並學習在變化的雪道環境下快速適應。這不僅能夠提升你的滑行技巧，還能夠讓你在任何雪道上都能自在駕馭單板，不論環境如何變化，都能穩定地滑行！'),
(19, '「進入雪道自由模式！學習基本跳躍與小技巧，讓滑行更有趣！」', '單板滑雪不只是滑行，還能夠玩出更多花樣！如果你想要開始嘗試一些小技巧，讓你的滑行更有個人風格，那麼這堂課將是你的最佳選擇！我們將教授你如何進行基本跳躍（Ollie），讓你能夠在雪道上輕鬆彈跳，增加動作的靈活度。此外，你還將學習一些簡單的技巧，例如滑行時的小角度旋轉、切邊跳轉等，讓你的滑行變得更有趣！這門課程不僅能夠提升你的技術，還能夠讓你開始感受到自由式滑雪的樂趣，為未來的更高級動作打下基礎！\r\n\r\n'),
(20, '「從滑行到掌控！學習Toe Edge & Heel Edge，穩定駕馭單板！」', '作為一名中級單板滑雪者，你可能已經掌握了基本的滑行，但是否曾經覺得自己在某些情況下控制力不夠？這堂課將帶你深入學習**Toe Edge（腳趾邊）與 Heel Edge（腳跟邊）**的轉換技巧，幫助你在滑行時更穩定地控制雪板，減少意外摔倒的風險。我們的教練將教授你如何利用適當的角度與重心轉移，讓你的轉彎更加精確，不再只是「甩尾」轉彎，而是真正地掌控滑行的流暢性與安全性！這是從中級進入高級單板滑行的關鍵一步，讓你滑得更穩、更快、更有信心！'),
(21, '「解鎖Switch Riding！學會反腳滑行，提升雪場適應力！」', '你是否覺得自己在面對某些坡道時，只能用單一方向滑行，導致轉向受限？那是因為你還沒學會Switch Riding（反腳滑行）！這門課程將教你如何在滑行中靈活切換腳位，讓你能夠自如地正向（Regular）與反向（Goofy）滑行，提升你在不同雪道的適應能力。我們將從簡單的Switch滑行開始，幫助你克服初期的不適應，逐步練習在反腳狀態下進行轉彎與控制，讓你成為一位全面型的單板滑雪者！如果你有興趣挑戰更進階的自由式滑雪或公園滑雪，這將會是你的必修課程！'),
(22, '「征服更陡峭的雪道！挑戰紅線（中級）與黑線（高級）坡道！」', '中級滑雪者最常面對的挑戰之一，就是如何應對更陡峭的雪道，特別是從藍線（初級）雪道晉升到紅線（中級）甚至黑線（高級）時，很多人會因為坡度變陡而感到害怕，導致動作僵硬、無法順利轉彎。這門課程將幫助你克服心理與技術上的障礙，學習如何在更高速度下保持平衡，並運用刻滑（Carving）與短半徑轉彎來控制下坡速度。此外，教練還會指導你如何在更陡峭的雪道上進行安全停滯（Side Slip）與重新啟動（Toe/Heel Edge Restart），確保你在更高難度的雪道上也能自信滑行，征服更具挑戰性的地形！'),
(23, '「開始挑戰雪道上的小跳台與起伏地形，玩出單板新花樣！」', '如果你對滑行感到駕輕就熟，現在就是時候開始加入一些樂趣了！這門課程將帶你進入雪道上的自然地形挑戰，包括如何安全地通過起伏地形（Moguls）、小跳台（Kickers），以及如何利用雪道的自然地勢進行小幅度跳躍。教練會從最基礎的Ollie（小跳躍）與跳台入門技巧開始，讓你逐步適應騰空的感覺，並學習如何安全著地，避免翻倒或受傷。這門課將為你的滑雪旅程增添更多樂趣，讓你開始探索自由式滑雪的無限可能！'),
(24, '「真正的雪地掌控力！如何應對變化多端的雪況與天氣？」', '在單板滑雪的世界裡，並不是每一天都是陽光普照、雪況完美的日子。有時候你會遇到結冰雪道，有時候則是深厚粉雪，甚至可能是大風或低能見度的環境。這堂課將幫助你學會如何在不同雪況與天氣條件下調整你的滑行方式，例如如何在較硬的雪面上增加抓地力、在鬆軟的雪地中避免陷入，甚至學習如何應對逆風或霧濛濛的雪場環境。這是一堂提升滑雪生存力的課程，讓你不論身處何種雪況，都能夠自信地駕馭單板，享受雪地的無限魅力！'),
(25, '「轉彎更流暢！S型轉彎與重心轉換進階訓練」', '掌握更精確的S型轉彎技巧，學習如何流暢地轉換腳跟與腳尖的重心，提升穩定性，減少滑行時的卡頓與失衡，讓動作更加順滑自然。'),
(26, '「速度與控制並存！如何在雪道上安全提速？」', '學會如何在不失控的情況下加速，透過膝蓋彈性控制與板邊調整，讓你在提升速度的同時依然保持滑行穩定，適應更高階雪道的節奏。'),
(27, '「Carving深度練習！刻滑技巧強化與雪道應用」', '深入學習刻滑（Carving），利用單板的邊緣進行高速穩定轉彎，減少不必要的側滑，提升雪道掌控力，讓你滑出專業級的流暢弧線。'),
(28, '「Switch Riding強化！反腳滑行技巧養成訓練」', '練習Switch（反腳滑行），提高雙向滑行的靈活性，讓你能夠適應更多不同地形，為未來的花式技巧或高級雪道挑戰做好準備。'),
(29, '「雪道適應力提升！應對不同坡度與雪況變化」', '學習如何根據雪道坡度與雪況調整滑行方式，包括應對結冰雪道、深粉雪、顛簸地形等，確保在任何環境下都能穩定滑行。'),
(30, '「挑戰更陡坡！如何在高級雪道上控制滑行？」', '從中級雪道進階至更陡峭的高級雪道，學習如何使用短半徑轉彎、側滑減速、重心控制等技巧，安全掌控更具挑戰性的坡道。'),
(31, '「小跳躍基礎！學習Ollie與雪道自然地形應用」', '掌握基本的Ollie（跳躍技巧），學會如何在雪道上的小起伏或跳台上進行安全跳躍與落地，提高滑行的靈活性與樂趣。'),
(32, '「雪道特技入門！學習180°轉體與簡單滑雪花式」', '初步接觸180°轉體與簡單滑雪花式，學習如何在滑行時增加個人風格，為未來的自由式滑雪打下基礎。'),
(33, '「提升耐力與肌力！長時間滑行技巧與節奏控制」', '透過合理的體力分配、肌群應用與滑行節奏調整，學會如何在長距離滑行時維持穩定的狀態，減少疲勞感，提高整體表現。'),
(34, '「雪場安全意識！如何避免意外並保護自己與他人」', '了解雪場禮儀、危險地形識別、緊急剎車技巧等安全觀念，確保你在挑戰更高級雪道或高速滑行時，能夠保護自己與周圍的人。'),
(35, '「突破初級雪道！學習平行式轉彎，擺脫八字滑行！」', '當你從初級晉升到中級時，最大的挑戰就是擺脫八字滑行（雪犁式），學會平行式轉彎（Parallel Turns），這將大幅提升你的速度與穩定性。本課程將專注於如何在轉彎時同步移動雙腳，減少雪板之間的阻力，讓你的滑行更加順暢。同時，你將學習重心控制與膝蓋彎曲技巧，以確保每個轉彎都穩定流暢，準備進入更高級的滑行模式！\r\n\r\n'),
(36, '「速度與控制並重！如何在不失控的情況下安全提速？」', '許多中級滑雪者開始嘗試更快的滑行速度，但常常因為缺乏控制力而摔倒或感到不安。本課程將教授你如何透過膝蓋與核心的協調運動，在提速時依然能夠維持良好的平衡。此外，我們將深入解析減速技巧（如側滑與剎車轉彎），確保你在高速滑行時，仍能夠根據雪道狀況靈活調整速度，安全駕馭雪場。\r\n\r\n'),
(37, '「解鎖刻滑（Carving）技巧！雪道上流暢切割完美弧線！」', '如果你已經熟悉基本的轉彎技巧，現在是時候進一步挑戰刻滑（Carving）！這門課程將帶你學習如何利用雪板邊緣切割雪面，減少側滑，提高速度並增加轉彎的穩定性。我們將專注於正確的身體傾斜角度、腳踝壓力控制，讓你能夠在雪道上畫出流暢的弧線，享受更高級的滑行快感！\r\n\r\n'),
(38, '「適應不同地形！學會在顛簸雪道與變化雪況下滑行！」', '中級滑雪者最常遇到的問題之一，就是如何應對變化多端的雪況，例如顛簸地形（Moguls）、硬雪與鬆雪。這門課程將指導你如何在不規則的雪道上維持平衡，並透過快速的重心轉換與膝蓋吸收衝擊來適應不同的雪況。我們還會教授選擇最佳滑行路線的方法，讓你能夠更靈活地駕馭雪場上的各種挑戰！'),
(39, '「進階雪道挑戰！如何征服紅線（中級）與黑線（高級）坡道？」', '當你準備進入更具挑戰性的紅線（中級）或黑線（高級）雪道時，控制力與心理素質將成為關鍵！本課程將幫助你提升在陡坡上的穩定性，學習如何在更大的坡度下安全減速、轉彎與應對突發狀況。我們的教練將帶領你進行短半徑轉彎訓練（Short Radius Turns），讓你能夠更靈活地調整速度，輕鬆應對更刺激的雪道，享受真正的速度與技術突破！'),
(40, '強化平衡感！學習重心控制，減少不必要的摔倒！', '在進入更高難度的雪道後，你可能會發現自己比初學時更容易失去平衡。這門課程將幫助你掌握核心穩定性與重心控制技巧，學習如何讓上半身保持穩定，而下半身靈活應對雪道的變化。我們還會指導**如何正確使用手杖（Pole Planting）**來輔助滑行，讓你在不同坡度與雪況下都能保持最佳姿態，減少摔倒的風險。'),
(41, '「進階剎車技巧！如何在不同雪況下靈活控制速度？」', '你是否曾經在雪道上因為無法快速剎車而感到驚慌？這門課程將教你如何運用犁式剎車（Snowplow Stop）與平行剎車（Hockey Stop），根據不同的坡度與雪況靈活減速。此外，我們還會指導你如何透過轉彎來減速，讓你的滑行更加流暢且可控，避免因為突然剎車而導致失去平衡。'),
(42, '「短半徑轉彎（Short Turns）強化！輕鬆應對狹窄雪道！」', '在中級以上的雪道上，你經常會遇到狹窄或擁擠的滑行路線，這時候長弧線轉彎可能會讓你難以應對。這門課程將幫助你學會短半徑轉彎（Short Turns），透過更快的重心轉移與腳踝施力，讓你在較小的空間內靈活轉向。此外，這項技術對於陡坡滑行也至關重要，學會後你將能夠在更具挑戰性的雪道上自如地調整方向！\r\n\r\n'),
(43, '「挑戰不平坦雪道！如何駕馭顛簸地形與窄道滑行？」', '雪道並不總是平坦無阻，當你遇到顛簸地形（Moguls）、窄道或非壓實雪道時，你該如何應對？這門課程將教你如何利用膝蓋的吸震能力來應對雪道起伏，並學習如何快速選擇最佳滑行路線，避免因地形變化而失去控制。我們還會練習如何快速反應並靈活調整姿勢，確保你能夠自信地駕馭不同類型的雪道！'),
(44, '「極速刻滑（Carving Mastery）！挑戰更深的傾角與高速滑行！」', '這堂課程專為希望提升刻滑技巧的滑雪者設計。我們將教你如何增加板邊傾角（Edge Angle），讓你能夠以更低的身體姿態在雪道上高速滑行，打造專業級的流暢轉彎弧線。此外，你將學會如何在高速中維持穩定的重心，並透過更精確的動作來減少不必要的阻力，讓你的刻滑技巧更上一層樓！\r\n\r\n'),
(45, '「跳台與自由式（Freestyle Progression）！學習抓板、旋轉與空中動作！」', '想要讓你的滑雪更加有趣？這堂課程將帶你深入探索自由式滑雪的世界！從基本的跳躍（Ollie/Nollie）開始，我們將逐步引導你學習抓板（Grabs）、180°/360° 旋轉、Box/Rail 滑行技巧，讓你在雪場內的公園區域（Terrain Park）展現個人風格。這是一門挑戰與樂趣並存的課程，適合想要突破滑雪界限的玩家！'),
(46, '「挑戰粉雪（Powder Riding）！學會在鬆雪中穩定滑行！」', '在粉雪中滑行與壓實雪道完全不同，你需要特別的技巧來保持浮力與控制滑行。本課程將教你如何將重心後移、調整板頭角度，並運用更寬的轉彎來適應深雪，讓你能夠輕鬆駕馭天然粉雪區域。此外，我們還會介紹如何應對變化莫測的野外雪況，確保你的滑行安全與穩定性！\r\n\r\n'),
(47, '「極限陡坡（Steep & Technical Terrain）！如何征服最具挑戰性的雪道？」', '高級滑雪者必須能夠應對各種陡峭與技術性強的地形！這堂課程將幫助你學習如何在超陡坡上進行精確控制，運用短半徑刻滑（Short-Radius Carves）、跳躍轉彎（Jump Turns） 來應對難度較高的地形。此外，你將學習如何在狹窄雪道或岩石區域進行精確滑行，讓你真正具備全地形適應能力！\r\n\r\n'),
(48, '「高山越野（Backcountry Snowboarding）！進入未開發雪場的終極冒險！」', '如果你已經準備好脫離人造雪道，進入更自由的山區滑雪環境，那麼這堂課將為你提供必要的技能！你將學習如何使用Splitboard（可分離雪板）、閱讀地形、規劃滑行路線，並學習基礎的雪崩安全知識與求生技能。這是一門挑戰性極高但充滿刺激的課程，專為那些渴望探索未知雪地的玩家打造！'),
(49, '「極速刻滑（Carving Perfection）！精確掌控板邊，提升速度與穩定性！」', '這堂課程將帶你學習專業級刻滑（Carving）技巧，幫助你更高效地利用雪板邊緣來達成高速穩定的滑行。我們將專注於提高身體傾斜度、減少不必要的側滑，並教你如何調整轉彎節奏與膝蓋彈性控制，讓你在雪道上畫出最完美的弧線！'),
(50, '「顛簸雪道專家（Moguls Mastery）！駕馭不規則雪道的終極挑戰！」', '顛簸雪道（Moguls）是高級雙板滑雪者的終極考驗！這門課程將幫助你學會如何利用快速重心轉移、膝蓋吸震技巧與短半徑轉彎（Short Turns） 來應對密集的顛簸雪丘，讓你的滑行更加穩定流暢。我們還會指導你如何正確地選擇最佳滑行路線，讓你能夠自信征服任何崎嶇雪道！\r\n\r\n'),
(51, '「粉雪專精（Powder Skiing）！如何在深雪中保持浮力與控制？」', '駕馭深粉雪（Powder Snow）需要不同於壓實雪道的技巧！這堂課將幫助你學習如何調整滑行節奏、減少雪板阻力、利用重心轉移來保持浮力，確保你能夠穩定地滑行於未壓實的天然雪道。此外，你將學習如何避免陷入深雪，並提升應對不同雪況的適應能力！\r\n\r\n'),
(52, '「陡坡與技術性地形（Steep & Technical Terrain）！挑戰最難雪道！」', '這門課程專注於如何征服黑線（Black Diamond）與雙黑線（Double Black Diamond）級別的陡峭雪道，幫助你學習如何使用跳躍轉彎（Jump Turns） 來應對極端陡坡，以及如何在狹窄地形中進行精確滑行。此外，你將學習如何在岩石區、窄道與未整備的雪道中找到最佳滑行線路，確保你的技術足以應對最具挑戰性的雪場！\r\n\r\n'),
(53, '「高山探險（Backcountry Skiing）！雪場之外的終極滑雪體驗！」', '這門課程將帶你進入野外雪場（Backcountry），學習如何使用山地滑雪裝備（如Touring Skis）、判讀雪況、選擇安全的滑行路線。此外，我們還會教授你基本的雪崩安全知識、導航技巧與求生策略，確保你能夠安全地享受未經壓實的天然雪道。這堂課適合渴望進一步探索自然環境，挑戰真正極限滑行的高級滑雪者！');

-- --------------------------------------------------------

--
-- 資料表結構 `courseimages`
--

CREATE TABLE `courseimages` (
  `id` int(255) UNSIGNED NOT NULL,
  `course_id` int(11) UNSIGNED NOT NULL COMMENT '關聯到 Courses 的 id',
  `image_url` varchar(255) NOT NULL,
  `created_at` timestamp NOT NULL DEFAULT current_timestamp()
) ENGINE=InnoDB DEFAULT CHARSET=utf8mb4 COLLATE=utf8mb4_unicode_ci;

--
-- 傾印資料表的資料 `courseimages`
--

INSERT INTO `courseimages` (`id`, `course_id`, `image_url`, `created_at`) VALUES
(1, 1, './courseImages/1/image_0.jpg', '2025-02-25 02:22:30'),
(2, 1, './courseImages/1/image_1.jpg', '2025-02-25 02:22:30'),
(4, 2, './courseImages/1740447898_1ae0c480.jpg', '2025-02-25 02:29:42'),
(6, 2, './courseImages/1740447898_fdbfdc43.jpg', '2025-02-25 02:29:42'),
(9, 3, './courseImages/rogerpepsi.jpg', '2025-02-25 02:37:07'),
(10, 4, './courseImages/1740451333_1be1df0f.jpg', '2025-02-25 02:42:13'),
(11, 4, './courseImages/1740451333_839d8990.jpg', '2025-02-25 02:42:13'),
(12, 4, './courseImages/1740451333_dfa2dbd0.jpg', '2025-02-25 02:42:13'),
(13, 4, './courseImages/1740451333_954ac5af.jpg', '2025-02-25 02:42:13'),
(14, 5, './courseImages/1740451680_a1f6719e.jpg', '2025-02-25 02:48:00'),
(15, 5, './courseImages/1740451680_dedfbdda.jpg', '2025-02-25 02:48:00'),
(16, 5, './courseImages/1740451680_e6d6d3ca.jpg', '2025-02-25 02:48:00'),
(17, 5, './courseImages/1740451680_7e6db88e.jpg', '2025-02-25 02:48:00'),
(18, 6, './courseImages/1740451873_fb0f8055.jpg', '2025-02-25 02:51:13'),
(19, 6, './courseImages/1740451873_34455012.jpg', '2025-02-25 02:51:13'),
(20, 6, './courseImages/1740451873_4dc6b0e8.jpg', '2025-02-25 02:51:13'),
(21, 7, './courseImages/1740452592_2a2680a8.jpg', '2025-02-25 03:03:12'),
(22, 8, './courseImages/1740453897_0f72d731.jpg', '2025-02-25 03:24:57'),
(23, 12, './courseImages/1740467749_61e328dd.jpg', '2025-02-25 07:15:49'),
(25, 13, './courseImages/1740470780_e9265a16.jpg', '2025-02-25 08:06:20'),
(26, 3, './courseImages/1740554210_bd395c6e.jpg', '2025-02-26 07:16:50'),
(27, 14, './courseImages/1740557878_08ff5165.jpg', '2025-02-26 08:17:58'),
(28, 15, './courseImages/1740634513_a6c9bee4.jpg', '2025-02-27 05:35:13'),
(29, 16, './courseImages/1740634673_ea18860e.webp', '2025-02-27 05:37:53'),
(30, 17, './courseImages/1740634735_ac43aa4b.jfif', '2025-02-27 05:38:55'),
(31, 18, './courseImages/1740634902_9e4c5efe.webp', '2025-02-27 05:41:42'),
(32, 19, './courseImages/1740635095_3d4b09ac.png', '2025-02-27 05:44:55'),
(33, 20, './courseImages/1740635268_6cb2e5fd.png', '2025-02-27 05:47:48'),
(34, 21, './courseImages/1740636195_f056ea8e.webp', '2025-02-27 06:03:15'),
(35, 22, './courseImages/1740636392_e774fdbb.jpg', '2025-02-27 06:06:32'),
(36, 23, './courseImages/1740636781_a720b87c.jpg', '2025-02-27 06:13:01'),
(37, 24, './courseImages/1740636992_484b7be3.webp', '2025-02-27 06:16:32'),
(38, 25, './courseImages/1740637201_90fd64d1.jpg', '2025-02-27 06:20:01'),
(39, 26, './courseImages/1740637324_e8652d9e.png', '2025-02-27 06:22:04'),
(40, 27, './courseImages/1740637366_0703594e.jfif', '2025-02-27 06:22:46'),
(41, 28, './courseImages/1740637943_748ad16c.jpg', '2025-02-27 06:32:23'),
(42, 29, './courseImages/1740637977_602871b6.webp', '2025-02-27 06:32:57'),
(43, 30, './courseImages/1740638069_4fcf5bcf.jpg', '2025-02-27 06:34:29'),
(44, 31, './courseImages/1740638165_af03f81a.jpg', '2025-02-27 06:36:05'),
(45, 32, './courseImages/1740638852_ec85dd29.jpg', '2025-02-27 06:47:32'),
(46, 33, './courseImages/1740638984_68028291.jfif', '2025-02-27 06:49:44'),
(47, 34, './courseImages/1740639242_75a3fc63.jpg', '2025-02-27 06:54:02'),
(48, 35, './courseImages/1740639327_db3eb533.jfif', '2025-02-27 06:55:27'),
(49, 36, './courseImages/1740639376_09ba3093.jpg', '2025-02-27 06:56:16'),
(50, 37, './courseImages/1740639487_8a9d0f7e.jpg', '2025-02-27 06:58:07'),
(51, 38, './courseImages/1740640184_bc0c028a.jpg', '2025-02-27 07:09:44'),
(52, 39, './courseImages/1740640518_5c801ebb.jpg', '2025-02-27 07:15:18'),
(53, 40, './courseImages/1740640643_b0c22419.png', '2025-02-27 07:17:23'),
(54, 41, './courseImages/1740640680_8f53c99f.jpg', '2025-02-27 07:18:00'),
(55, 42, './courseImages/1740641742_7c63e4f9.png', '2025-02-27 07:35:42'),
(56, 43, './courseImages/1740641874_c219269b.png', '2025-02-27 07:37:54'),
(57, 44, './courseImages/1740641957_aa543051.jpg', '2025-02-27 07:39:17'),
(58, 45, './courseImages/1740641987_230902bc.jpg', '2025-02-27 07:39:47'),
(59, 46, './courseImages/1740642068_0ee1114a.webp', '2025-02-27 07:41:08'),
(60, 47, './courseImages/1740642114_df681069.jpg', '2025-02-27 07:41:54'),
(61, 48, './courseImages/1740642143_f43f46a8.jpg', '2025-02-27 07:42:23'),
(62, 49, './courseImages/1740642187_a26ee732.png', '2025-02-27 07:43:07'),
(63, 50, './courseImages/1740642349_7a9bf854.png', '2025-02-27 07:45:49'),
(64, 51, './courseImages/1740642383_3d37be24.png', '2025-02-27 07:46:23'),
(65, 52, './courseImages/1740642486_ce99e208.png', '2025-02-27 07:48:06'),
(66, 53, './courseImages/1740642516_58f5fcd4.jpg', '2025-02-27 07:48:36'),
(67, 53, './courseImages/1740642516_2ab5dc2e.jpg', '2025-02-27 07:48:36'),
(68, 53, './courseImages/1740642516_fdea00b6.png', '2025-02-27 07:48:36');

-- --------------------------------------------------------

--
-- 資料表結構 `coursevariants`
--

CREATE TABLE `coursevariants` (
  `id` int(11) NOT NULL COMMENT '課程 ID',
  `course_id` int(11) UNSIGNED NOT NULL COMMENT '關聯到 Courses 的 id',
  `type` enum('單板','雙板') NOT NULL,
  `difficulty` enum('初級','中級','高級') NOT NULL COMMENT '難度級別',
  `duration` enum('3','4','5') NOT NULL COMMENT '課程時長（小時）',
  `price` int(10) NOT NULL COMMENT '課程價格',
  `location_id` int(11) NOT NULL COMMENT '地點 ID，參考 Locations 表',
  `coach_id` int(11) UNSIGNED DEFAULT NULL COMMENT '教練 ID，參考 Instructors 表',
  `max_participants` int(11) NOT NULL COMMENT '最大參與人數',
  `created_at` timestamp NOT NULL DEFAULT current_timestamp() COMMENT '建立時間'
) ENGINE=InnoDB DEFAULT CHARSET=utf8mb4 COLLATE=utf8mb4_unicode_ci COMMENT='存儲課程資訊';

--
-- 傾印資料表的資料 `coursevariants`
--

INSERT INTO `coursevariants` (`id`, `course_id`, `type`, `difficulty`, `duration`, `price`, `location_id`, `coach_id`, `max_participants`, `created_at`) VALUES
(1, 1, '雙板', '初級', '3', 12000, 1, NULL, 10, '2025-02-25 02:26:31'),
(2, 2, '雙板', '初級', '4', 24433, 34, NULL, 10, '2025-02-25 02:26:31'),
(27, 3, '雙板', '初級', '3', 30000000, 1, NULL, 0, '2025-02-25 02:37:07'),
(28, 4, '雙板', '中級', '3', 20000, 5, NULL, 0, '2025-02-25 02:42:13'),
(29, 5, '雙板', '中級', '4', 18979, 32, 1, 0, '2025-02-25 02:48:00'),
(30, 6, '雙板', '中級', '3', 24332, 6, NULL, 0, '2025-02-25 02:51:13'),
(31, 7, '單板', '初級', '3', 8000, 1, NULL, 0, '2025-02-25 03:03:12'),
(32, 8, '', '中級', '3', 14000, 8, NULL, 0, '2025-02-25 03:24:57'),
(36, 12, '雙板', '初級', '3', 15000, 10, NULL, 0, '2025-02-25 07:15:49'),
(37, 13, '雙板', '中級', '3', 36000, 19, NULL, 0, '2025-02-25 07:16:45'),
(38, 14, '單板', '高級', '3', 2500000, 32, NULL, 0, '2025-02-26 08:17:58'),
(39, 15, '雙板', '中級', '3', 19000, 21, NULL, 0, '2025-02-27 05:35:13'),
(40, 16, '單板', '中級', '4', 26000, 27, NULL, 0, '2025-02-27 05:37:53'),
(41, 17, '單板', '中級', '3', 12333, 7, 1, 0, '2025-02-27 05:38:55'),
(42, 18, '雙板', '初級', '3', 125000, 13, 1, 0, '2025-02-27 05:41:42'),
(43, 19, '單板', '中級', '3', 30000, 22, NULL, 0, '2025-02-27 05:44:55'),
(44, 20, '單板', '中級', '3', 125790, 9, NULL, 0, '2025-02-27 05:47:48'),
(45, 21, '單板', '中級', '4', 50000, 25, NULL, 0, '2025-02-27 06:03:15'),
(46, 22, '單板', '中級', '5', 80000, 24, NULL, 0, '2025-02-27 06:06:32'),
(47, 23, '單板', '初級', '3', 12312314, 18, 1, 0, '2025-02-27 06:13:01'),
(48, 24, '單板', '中級', '5', 95279, 33, NULL, 0, '2025-02-27 06:16:32'),
(49, 25, '雙板', '初級', '4', 14000, 1, NULL, 0, '2025-02-27 06:20:01'),
(50, 26, '單板', '中級', '4', 55200, 23, NULL, 0, '2025-02-27 06:22:04'),
(51, 27, '單板', '中級', '4', 15790, 11, 1, 0, '2025-02-27 06:22:46'),
(52, 28, '單板', '中級', '4', 13579, 18, NULL, 0, '2025-02-27 06:32:23'),
(53, 29, '單板', '中級', '4', 97531, 29, NULL, 0, '2025-02-27 06:32:57'),
(54, 30, '單板', '中級', '4', 88550, 29, NULL, 0, '2025-02-27 06:34:29'),
(55, 31, '單板', '中級', '4', 13699, 14, 1, 0, '2025-02-27 06:36:05'),
(56, 32, '雙板', '中級', '4', 136978, 10, NULL, 0, '2025-02-27 06:47:32'),
(57, 33, '單板', '中級', '4', 26888, 15, NULL, 0, '2025-02-27 06:49:44'),
(58, 34, '雙板', '初級', '4', 60000, 20, 2, 0, '2025-02-27 06:54:02'),
(59, 35, '雙板', '中級', '4', 23450, 30, NULL, 0, '2025-02-27 06:55:27'),
(60, 36, '雙板', '中級', '4', 28000, 7, NULL, 0, '2025-02-27 06:56:16'),
(61, 37, '雙板', '初級', '4', 45600, 30, NULL, 0, '2025-02-27 06:57:57'),
(62, 38, '雙板', '初級', '3', 95270, 1, NULL, 0, '2025-02-27 07:09:44'),
(63, 39, '雙板', '初級', '3', 12345, 19, NULL, 0, '2025-02-27 07:14:54'),
(64, 40, '雙板', '中級', '4', 36000, 24, NULL, 0, '2025-02-27 07:17:23'),
(65, 41, '雙板', '中級', '4', 51040, 16, 2, 0, '2025-02-27 07:18:00'),
(66, 42, '雙板', '中級', '3', 78900, 18, NULL, 0, '2025-02-27 07:35:42'),
(67, 43, '雙板', '中級', '4', 69696, 5, NULL, 0, '2025-02-27 07:37:54'),
(68, 44, '單板', '高級', '4', 100000, 31, NULL, 0, '2025-02-27 07:39:17'),
(69, 45, '單板', '高級', '4', 128000, 30, NULL, 0, '2025-02-27 07:39:47'),
(70, 46, '單板', '高級', '5', 98600, 2, NULL, 0, '2025-02-27 07:41:08'),
(71, 47, '雙板', '初級', '3', 36000, 13, NULL, 0, '2025-02-27 07:41:54'),
(72, 48, '單板', '高級', '4', 95000, 16, NULL, 0, '2025-02-27 07:42:23'),
(73, 49, '雙板', '高級', '3', 73000, 29, 1, 0, '2025-02-27 07:43:07'),
(74, 50, '雙板', '高級', '4', 150000, 31, NULL, 0, '2025-02-27 07:45:49'),
(75, 51, '雙板', '初級', '5', 39000, 20, 1, 0, '2025-02-27 07:46:23'),
(76, 52, '雙板', '高級', '3', 79000, 30, NULL, 0, '2025-02-27 07:48:06'),
(77, 53, '雙板', '高級', '3', 96555, 1, NULL, 0, '2025-02-27 07:48:36');

-- --------------------------------------------------------

--
-- 資料表結構 `language`
--

CREATE TABLE `language` (
  `id` int(11) NOT NULL,
  `name` varchar(50) NOT NULL
) ENGINE=InnoDB DEFAULT CHARSET=utf8mb4 COLLATE=utf8mb4_general_ci;

--
-- 傾印資料表的資料 `language`
--

INSERT INTO `language` (`id`, `name`) VALUES
(1, '英文'),
(2, '中文'),
(3, '日文'),
(4, '韓文'),
(5, '粵語'),
(6, '台語');

-- --------------------------------------------------------

--
-- 資料表結構 `language_coach`
--

CREATE TABLE `language_coach` (
  `id` int(11) NOT NULL,
  `language_id` int(11) NOT NULL,
  `coach_id` int(11) NOT NULL
) ENGINE=InnoDB DEFAULT CHARSET=utf8mb4 COLLATE=utf8mb4_general_ci;

--
-- 傾印資料表的資料 `language_coach`
--

INSERT INTO `language_coach` (`id`, `language_id`, `coach_id`) VALUES
(129, 2, 1),
(130, 1, 1),
(131, 3, 1),
(132, 6, 1),
(133, 2, 2),
(134, 1, 2),
(135, 5, 2),
(136, 6, 2),
(137, 2, 3),
(138, 1, 3),
(139, 2, 4),
(140, 1, 4),
(141, 3, 4),
(142, 2, 5),
(143, 1, 5),
(144, 3, 5),
(145, 2, 6),
(146, 2, 7),
(147, 1, 7),
(148, 6, 7),
(149, 1, 8),
(150, 2, 9),
(151, 6, 9),
(152, 2, 10),
(153, 1, 10),
(154, 2, 11),
(155, 1, 11),
(156, 3, 11),
(157, 2, 12),
(158, 1, 12),
(159, 2, 13),
(160, 2, 14),
(161, 1, 14),
(162, 3, 14),
(163, 2, 15),
(164, 1, 15),
(167, 2, 17),
(168, 1, 17),
(169, 5, 17),
(170, 2, 18),
(171, 2, 16),
(172, 1, 16),
(173, 2, 19),
(174, 1, 19),
(175, 2, 20),
(176, 2, 21),
(177, 2, 22),
(178, 2, 23),
(179, 1, 23),
(180, 5, 23),
(181, 2, 24),
(182, 1, 24),
(183, 2, 25),
(184, 1, 25),
(185, 2, 26),
(186, 2, 27),
(187, 1, 28),
(188, 2, 27),
(189, 2, 28),
(190, 1, 28),
(191, 2, 29),
(192, 3, 29),
(193, 2, 30),
(194, 1, 30);

-- --------------------------------------------------------

--
-- 資料表結構 `license`
--

CREATE TABLE `license` (
  `id` int(10) UNSIGNED NOT NULL,
  `name` varchar(50) NOT NULL
) ENGINE=InnoDB DEFAULT CHARSET=utf8mb4 COLLATE=utf8mb4_general_ci;

--
-- 傾印資料表的資料 `license`
--

INSERT INTO `license` (`id`, `name`) VALUES
(1, '加拿大CASI Level 1 Snowboard 單板指導員'),
(2, '加拿大CASI Level 1 Ski 雙板指導員'),
(3, '體適能健身c級指導'),
(4, '國民體適能指導員'),
(5, '加拿大ISIA LV3 ski 雙板指導員'),
(6, '加拿大CASI Level 2 Ski 雙板指導員'),
(7, '紐西蘭SBINZ  單板二級指導員'),
(8, '紐西蘭NZSIA  雙板一級指導員'),
(9, 'BLSI急救證'),
(10, '工具式筋膜放鬆術'),
(11, '中華民國外語領隊人員- 英語，華語'),
(12, '加拿大CASI Level 2 Snowboard 單板指導員'),
(13, 'APSI Level 1'),
(14, '加拿大CSIA Level 2 Ski 雙板指導員'),
(15, '日本 SAJ 單板滑行檢定2級'),
(16, '日本 SAJ 單板滑行檢定1級'),
(17, '美國 PSIA 雙板 Lv1'),
(18, '加拿大CSIA Level 1 Ski 雙板指導員'),
(19, '加拿大 CASI 單板 Lv1');

-- --------------------------------------------------------

--
-- 資料表結構 `license_coach`
--

CREATE TABLE `license_coach` (
  `id` int(11) NOT NULL,
  `license_id` int(11) NOT NULL,
  `coach_id` int(11) NOT NULL
) ENGINE=InnoDB DEFAULT CHARSET=utf8mb4 COLLATE=utf8mb4_general_ci;

--
-- 傾印資料表的資料 `license_coach`
--

INSERT INTO `license_coach` (`id`, `license_id`, `coach_id`) VALUES
(107, 1, 1),
(108, 6, 1),
(109, 6, 2),
(110, 12, 2),
(111, 2, 3),
(112, 1, 3),
(113, 6, 4),
(114, 1, 5),
(115, 2, 5),
(116, 6, 6),
(117, 1, 6),
(118, 2, 7),
(119, 1, 7),
(120, 5, 8),
(121, 1, 9),
(122, 2, 9),
(123, 8, 10),
(124, 7, 10),
(125, 8, 11),
(126, 2, 12),
(127, 6, 12),
(128, 6, 13),
(129, 2, 13),
(130, 7, 14),
(131, 8, 14),
(132, 1, 15),
(133, 2, 15),
(136, 2, 17),
(137, 1, 17),
(138, 2, 18),
(139, 7, 18),
(140, 7, 16),
(141, 8, 16),
(142, 13, 19),
(143, 14, 20),
(144, 14, 21),
(145, 14, 22),
(146, 15, 23),
(147, 16, 23),
(148, 14, 24),
(149, 7, 24),
(150, 17, 25),
(151, 14, 25),
(152, 18, 25),
(153, 7, 26),
(154, 14, 26),
(155, 7, 27),
(156, 19, 27),
(157, 7, 27),
(158, 8, 27),
(159, 7, 28),
(160, 14, 29),
(161, 18, 29),
(162, 14, 30);

-- --------------------------------------------------------

--
-- 資料表結構 `locations`
--

CREATE TABLE `locations` (
  `id` int(11) NOT NULL COMMENT '地點 ID',
  `name` varchar(255) NOT NULL COMMENT '地點名稱',
  `address` varchar(255) NOT NULL COMMENT '地址',
  `city` varchar(100) NOT NULL COMMENT '城市',
  `country` varchar(100) NOT NULL COMMENT '國家',
  `latitude` decimal(20,17) NOT NULL COMMENT '緯度',
  `longitude` decimal(20,17) NOT NULL COMMENT '經度',
  `created_at` timestamp NOT NULL DEFAULT current_timestamp() COMMENT '建立時間'
) ENGINE=InnoDB DEFAULT CHARSET=utf8mb4 COLLATE=utf8mb4_unicode_ci COMMENT='存儲滑雪課程的上課地點資訊';

--
-- 傾印資料表的資料 `locations`
--

INSERT INTO `locations` (`id`, `name`, `address`, `city`, `country`, `latitude`, `longitude`, `created_at`) VALUES
(1, '富良野滑雪場', '076-8511北海道富良野市中御料', '北海道', '日本', 43.32513289734520000, 142.35330272587458000, '2025-02-21 04:25:12');

-- --------------------------------------------------------

--
-- 資料表結構 `products`
--

CREATE TABLE `products` (
  `id` int(11) NOT NULL,
  `name` varchar(255) NOT NULL,
  `price` int(11) NOT NULL,
  `category_id` int(11) DEFAULT NULL,
  `gender` tinyint(4) NOT NULL DEFAULT 0,
  `introduction` text DEFAULT NULL,
  `specIntroduction` text DEFAULT NULL,
  `createdAt` datetime NOT NULL DEFAULT current_timestamp(),
  `publishAt` datetime DEFAULT NULL,
  `unpublishAt` datetime DEFAULT NULL,
  `deleteAt` datetime DEFAULT NULL
) ENGINE=InnoDB DEFAULT CHARSET=utf8mb4 COLLATE=utf8mb4_unicode_ci;

--
-- 傾印資料表的資料 `products`
--

INSERT INTO `products` (`id`, `name`, `price`, `category_id`, `gender`, `introduction`, `specIntroduction`, `createdAt`, `publishAt`, `unpublishAt`, `deleteAt`) VALUES
(1, 'Dimito VTX OG Temp Jacket 智能加熱滑雪外套 - Black', 15400, 17, 3, 'Waterproof : 20K / Breathability : 15K\r\nDitex 布料具有一流的抗水性和防水/透氣性能\r\n溫度控制系統（TCS），可透過輔助電池供電在內部產生熱量 ( 外套背部與胸部處設有加熱區 )\r\n用於連接口袋內 USB TYPE-C 型行動電池的傳輸線\r\n採用 Primaloft 科技羽絨保暖材質，具有高耐寒性與保暖，超輕量材質\r\n寬鬆版型，寬鬆舒適\r\nYKK® 防水拉鍊\r\n拉鍊插手口袋及中央對角拉鍊雙向設計\r\n領口處氣孔設計，呼吸舒適\r\n手臂處通行證口袋\r\n內部雪鏡網袋及內部拉鍊手機置物口袋\r\n腋下拉鍊透氣孔\r\n風帽及下擺有抽繩設計調整鬆緊\r\n可拆卸式雪裙可防止滑行時粉雪侵入\r\n魔鬼氈可調式袖口\r\n萊卡指套設計\r\n左胸飾有運動刺繡藝術設計', '表面布料 : 尼龍 100% \r\n襯裡(1)：尼龍 100%\r\n襯裡(2)：聚酯纖維 100%\r\n保暖層 : 聚酯纖維 100%', '2025-02-21 10:45:19', NULL, '2025-02-26 18:12:27', NULL),
(2, 'Dimito VTX OG Temp Jacket 智能加熱滑雪外套 - Teal Green', 15400, 17, 3, 'Waterproof : 20K / Breathability : 15K\nDitex 布料具有一流的抗水性和防水/透氣性能\n溫度控制系統（TCS），可透過輔助電池供電在內部產生熱量 ( 外套背部與胸部處設有加熱區 )\n用於連接口袋內 USB TYPE-C 型行動電池的傳輸線\n採用 Primaloft 科技羽絨保暖材質，具有高耐寒性與保暖，超輕量材質\n寬鬆版型，寬鬆舒適\nYKK® 防水拉鍊\n拉鍊插手口袋及中央對角拉鍊雙向設計\n領口處氣孔設計，呼吸舒適\n手臂處通行證口袋\n內部雪鏡網袋及內部拉鍊手機置物口袋\n腋下拉鍊透氣孔\n風帽及下擺有抽繩設計調整鬆緊\n可拆卸式雪裙可防止滑行時粉雪侵入\n魔鬼氈可調式袖口\n萊卡指套設計\n左胸飾有運動刺繡藝術設計', '表面布料 : 尼龍 100% \n襯裡(1)：尼龍 100%\n襯裡(2)：聚酯纖維 100%\n保暖層 : 聚酯纖維 100%', '2025-02-21 11:42:36', NULL, '2025-03-01 09:37:46', NULL),
(3, 'Dimito VTX OG Temp Jacket 智能加熱滑雪外套 - Slate Blue', 15400, 17, 3, 'Waterproof : 20K / Breathability : 15K\r\nDitex 布料具有一流的抗水性和防水/透氣性能\r\n溫度控制系統（TCS），可透過輔助電池供電在內部產生熱量 ( 外套背部與胸部處設有加熱區 )\r\n用於連接口袋內 USB TYPE-C 型行動電池的傳輸線\r\n採用 Primaloft 科技羽絨保暖材質，具有高耐寒性與保暖，超輕量材質\r\n寬鬆版型，寬鬆舒適\r\nYKK® 防水拉鍊\r\n拉鍊插手口袋及中央對角拉鍊雙向設計\r\n領口處氣孔設計，呼吸舒適\r\n手臂處通行證口袋\r\n內部雪鏡網袋及內部拉鍊手機置物口袋\r\n腋下拉鍊透氣孔\r\n風帽及下擺有抽繩設計調整鬆緊\r\n可拆卸式雪裙可防止滑行時粉雪侵入\r\n魔鬼氈可調式袖口\r\n萊卡指套設計\r\n左胸飾有運動刺繡藝術設計', '表面布料 : 尼龍 100% \r\n襯裡(1)：尼龍 100%\r\n襯裡(2)：聚酯纖維 100%\r\n保暖層 : 聚酯纖維 100%', '2025-02-21 11:46:41', NULL, NULL, NULL),
(4, 'Volcom Iguchi Slack Vest 滑雪機能背心 - Black', 14000, 4, 1, '當您在惡劣的氣候條件下遊覽世界上最好的 BC 地區時，您需要一個可以為您提供支援的裝備。\r\nIguchi Slack 機能背心為重要的必需品提供了大量存儲空間，配有探針套、雪鏟置物口袋和外部雪鏟刀片架，以及 Guide Proven 無線電胸袋。\r\n齊全的設計由 BC 地區創新者和我們的常駐導遊 Bryan Iguchi 設計和測試，作為他的指標性系列的一部分，替您在雪地上會遇上的任何情況提供免提功能。', 'Features\r\n\r\nMen\'s snow jacket\r\nWaterproof/Breathability Rating: 15,000mm / 15,000gm²\r\nV-Science 2-Layer\r\nV-Science Supreme Twill with Non-Fluorinated DWR\r\n80/60g Insulation\r\nCritical Taped Seams\r\n91 Fit\r\nZip Tech® Jacket to Pant Interface\r\nRemovable Hinged Hood Styling\r\nHidden Toggle Cinch Hood\r\nSuper Suede Chin Guard\r\nMesh Lined Zippered Vents\r\nAdjustable Powder Skirt\r\nV-Science 2 Way Cuff System\r\nLeft Sleeve Zippered Pass Pocket\r\nBrushed Tricot Lined Handwarmer Pockets\r\nPocket Access Hem Cinch\r\nSpecialty Ticket Ring\r\nWhistle Zipper Pull\r\n100% NYLON (POLYAMIDE)', '2025-02-21 11:46:41', NULL, NULL, NULL),
(5, '686 Men\'s Gore-tex 3L ATV Jacket 滑雪外套 - Dusty Yellow', 24000, 4, 1, '所有地形、所有條件、所有季節 - ATV ( All-Terrain Vehicle )\r\n在滑雪方面，Gigi Rüf 沒有特定的滑行偏好，因此我們打造了他夢想中的裝備。他想要一款外觀前衛的滑雪外套，採用輕質 Gore-Tex 3 層面料製成，具有更高的耐用性和終極性能，不僅適合滑雪渡假村的造型，還適合野雪的起伏和極端環境。\r\nATV 滑雪外套設計為適合全地形滑手的一件式夾克。', '三層 bluesign®  Approved GORE-TEX 聚酯纖維面料 + DWR 防潑水技術處理\r\n附有雪崩安全卡\r\n附護目拭鏡布\r\nShell Design\r\n全接縫線 GORE-TEX 膠條 (壓膠) 處理\r\nAir-Flo™ 腋下拉鍊通風孔\r\n可調節頭套兼容安全帽\r\nHood Link 包裹收納系統\r\n美麗諾羊毛內領 / 口水布\r\n手機保溫口袋\r\n防纏結耳機環\r\n內部護目鏡網袋 + 鏡片暗袋\r\nGlove Link™ 內拇指握把\r\n內部 Lycra 彈性指套\r\n帶鑰匙夾的拉鍊袖口口袋\r\n帶鑰匙夾的胸前口袋\r\n可調節魔鬼氈袖口\r\n萊卡彈性可調節雪裙\r\n隱藏式可調節下擺束帶\r\n中央前部、腋下通風口和胸部拉鍊使用防水拉鍊\r\n雪衣褲連接系統\r\n內部口袋數量：3、外部口袋數量：5', '2025-02-23 13:20:02', '2025-02-26 15:52:24', NULL, NULL),
(6, '686 Men\'s Gore-tex 3L ATV Jacket 滑雪外套 - Black', 24000, 4, 1, '所有地形、所有條件、所有季節 - ATV ( All-Terrain Vehicle )\r\n在滑雪方面，Gigi Rüf 沒有特定的滑行偏好，因此我們打造了他夢想中的裝備。他想要一款外觀前衛的滑雪外套，採用輕質 Gore-Tex 3 層面料製成，具有更高的耐用性和終極性能，不僅適合滑雪渡假村的造型，還適合野雪的起伏和極端環境。\r\nATV 滑雪外套設計為適合全地形滑手的一件式夾克。', '三層 bluesign®  Approved GORE-TEX 聚酯纖維面料 + DWR 防潑水技術處理\r\n附有雪崩安全卡\r\n附護目拭鏡布\r\nShell Design\r\n全接縫線 GORE-TEX 膠條 (壓膠) 處理\r\nAir-Flo™ 腋下拉鍊通風孔\r\n可調節頭套兼容安全帽\r\nHood Link 包裹收納系統\r\n美麗諾羊毛內領 / 口水布\r\n手機保溫口袋\r\n防纏結耳機環\r\n內部護目鏡網袋 + 鏡片暗袋\r\nGlove Link™ 內拇指握把\r\n內部 Lycra 彈性指套\r\n帶鑰匙夾的拉鍊袖口口袋\r\n帶鑰匙夾的胸前口袋\r\n可調節魔鬼氈袖口\r\n萊卡彈性可調節雪裙\r\n隱藏式可調節下擺束帶\r\n中央前部、腋下通風口和胸部拉鍊使用防水拉鍊\r\n雪衣褲連接系統\r\n內部口袋數量：3、外部口袋數量：5', '2025-02-23 13:23:54', NULL, NULL, NULL),
(7, '686 Women\'s Athena Insulated Jacket 滑雪外套 - Black Ghost Floral', 7400, 5, 2, '當我們在最喜歡的雪場滑行時，Athena 滑雪外套讓我們看起來更時尚且舒適。\r\n堅固的結構和技術面料意味著您已經為冬季冒險做好了準備，接縫壓膠和 infiDRY® 10K 防水面料可防止您被淋濕，並且整個隔熱層可讓您在纜車上依舊保持溫暖。', '10,000MM 防水/10,000mm 透氣等級 + DWR 防潑水技術處理\r\n雙層 infiDRY® 10K 專利防水彈力面料 + DWR 防潑水技術處理\r\nInfiLOFT® Insulation 隔熱材料 ( 80g 身體, 60g袖子, 40g頭套 )\r\n關鍵部位接縫線膠條 (壓膠) 處理\r\nAir-Flo™ 網狀拉鍊內側通風口\r\n可調節頭套兼容安全帽\r\n手機保暖口袋\r\nGlove Link™ 內拇指握把\r\n針織抓絨內領 / 口水布\r\n686 印花內部護目鏡 + 鏡片暗袋\r\n防纏結耳機環\r\n可調節魔鬼氈袖口\r\n帶鑰匙夾的全閉合袖口口袋\r\n帶鑰匙夾的前插手口袋\r\n可調節下擺收緊設計\r\n可調節雪裙\r\n雪衣褲連接系統', '2025-02-23 13:32:14', NULL, NULL, NULL),
(8, '686 Women\'s Upton Anorak 半開襟式滑雪外套 - Limestone', 7400, 5, 2, '如果復古夾克的性能和外觀一樣優秀就好了。\r\n我們通過將時尚和技術功能融合到 Upton Anorak 中，讓夢想成為現實，這款夾克以我們一件復古單品為基礎，融入了現代剪裁和功能性。', '10,000MM 防水/10,000mm 透氣等級 + DWR 防潑水技術處理\r\n雙層 infiDRY® 10K 專利防水面料 + DWR 防潑水技術處理\r\nInfiLOFT® Insulation 隔熱材料\r\n關鍵部位的縫線膠條 (壓膠) 處理\r\n側拉鍊開口，帶雙向拉鍊，用於通風透氣\r\n可調節頭套兼容安全帽\r\n手機保溫口袋帶耳機線孔\r\nHood Link 包裹收納系統\r\n防纏結耳機環\r\n內部護目鏡 + 鏡片暗袋\r\nGlove Link™ 內拇指握把\r\n可調節魔鬼氈袖口\r\n內部 Lycra 彈性指套\r\n帶鑰匙夾的魔鬼氈袖口口袋\r\n帶鑰匙夾的前插手口袋\r\n可調節雪裙\r\n可調節下擺收緊設計\r\n雪衣褲連接系統', '2025-02-23 13:36:11', NULL, NULL, NULL),
(9, '686 Women\'s Upton Anorak 半開襟式滑雪外套 - Cypress Green', 7400, 5, 2, '如果復古夾克的性能和外觀一樣優秀就好了。\r\n我們通過將時尚和技術功能融合到 Upton Anorak 中，讓夢想成為現實，這款夾克以我們一件復古單品為基礎，融入了現代剪裁和功能性。', '10,000MM 防水/10,000mm 透氣等級 + DWR 防潑水技術處理\r\n雙層 infiDRY® 10K 專利防水面料 + DWR 防潑水技術處理\r\nInfiLOFT® Insulation 隔熱材料\r\n關鍵部位的縫線膠條 (壓膠) 處理\r\n側拉鍊開口，帶雙向拉鍊，用於通風透氣\r\n可調節頭套兼容安全帽\r\n手機保溫口袋帶耳機線孔\r\nHood Link 包裹收納系統\r\n防纏結耳機環\r\n內部護目鏡 + 鏡片暗袋\r\nGlove Link™ 內拇指握把\r\n可調節魔鬼氈袖口\r\n內部 Lycra 彈性指套\r\n帶鑰匙夾的魔鬼氈袖口口袋\r\n帶鑰匙夾的前插手口袋\r\n可調節雪裙\r\n可調節下擺收緊設計\r\n雪衣褲連接系統', '2025-02-23 13:39:29', NULL, NULL, NULL),
(10, 'Dimito VTX OG 2L Pants 滑雪褲 - Teal Green', 7400, 18, 3, 'Waterproof : 15K / Breathability : 10K\r\n兩側主插手口袋立體剪裁設計\r\n標準版型與寬鬆版型\r\n褲管腳跟處防磨耐用設計\r\nYKK® 金屬防水拉鍊\r\n可調式腰帶設計\r\n胯下拉鍊透氣孔\r\n腰部雪裙可防止粉雪侵入\r\n褲管內雪裙設計\r\n可調式褲管抽繩設計', '表面布料 : 尼龍 100%\r\n襯裡(1)：尼龍 100%\r\n襯裡(2)：聚酯纖維 100%', '2025-02-23 13:45:07', NULL, NULL, NULL),
(11, 'Dimito VTX OG 2L Pants 滑雪褲 - Mist Blue', 7400, 18, 3, 'Waterproof : 15K / Breathability : 10K\r\n兩側主插手口袋立體剪裁設計\r\n標準版型與寬鬆版型\r\n褲管腳跟處防磨耐用設計\r\nYKK® 金屬防水拉鍊\r\n可調式腰帶設計\r\n胯下拉鍊透氣孔\r\n腰部雪裙可防止粉雪侵入\r\n褲管內雪裙設計\r\n可調式褲管抽繩設計', '表面布料 : 尼龍 100%\r\n襯裡(1)：尼龍 100%\r\n襯裡(2)：聚酯纖維 100%', '2025-02-23 13:48:12', NULL, NULL, NULL),
(12, 'Dimito VTX OG 2L Pants 滑雪褲 - Fuchsia Red', 9200, 18, 3, 'Waterproof : 15K / Breathability : 10K\r\n兩側主插手口袋立體剪裁設計\r\n標準版型與寬鬆版型\r\n褲管腳跟處防磨耐用設計\r\nYKK® 金屬防水拉鍊\r\n可調式腰帶設計\r\n胯下拉鍊透氣孔\r\n腰部雪裙可防止粉雪侵入\r\n褲管內雪裙設計\r\n可調式褲管抽繩設計', '表面布料 : 尼龍 100%\r\n襯裡(1)：尼龍 100%\r\n襯裡(2)：聚酯纖維 100%', '2025-02-23 13:51:29', NULL, NULL, NULL),
(13, '686 Men\'s Standard Shell Pant 滑雪褲 - Charcoal', 4400, 7, 1, '686 的基本款滑雪褲採用時尚的黑色配色，防水等級為 10K，為山區的惡劣條件提供有力的保護。而大腿內側的 Air-flo 網狀通風孔可在你感到悶熱時讓冷空氣進入調節。', '10,000MM 防水等級 + DWR 防潑水技術處理\r\ninfiDRY® 10K 專利防水面料 + DWR 防潑水技術處理\r\n關鍵部位接縫膠條 (壓膠) 處理\r\nShell Design\r\nAir-Flo™ 網狀拉鍊腿部內側通風口\r\n雪衣褲連接系統\r\n500D 馬蹄形下擺™\r\n褲管鞋帶花邊金屬鉤\r\n鈕扣褲管擴張系統\r\n皮帶環上的纜車票孔眼', '2025-02-23 14:02:27', NULL, NULL, NULL),
(14, '686 Men\'s Standard Shell Pant 滑雪褲 - Iron Maiden', 7700, 7, 1, '686 的基本款滑雪褲採用時尚的黑色配色，防水等級為 10K，為山區的惡劣條件提供有力的保護。而大腿內側的 Air-flo 網狀通風孔可在你感到悶熱時讓冷空氣進入調節。\r\n\r\n【 英國知名重金屬樂團 Iron Maiden 聯名款式 】', '10,000MM 防水等級 + DWR 防潑水技術處理\r\ninfiDRY® 10K 專利防水面料 + DWR 防潑水技術處理\r\n關鍵部位接縫膠條 (壓膠) 處理\r\nShell Design\r\nAir-Flo™ 網狀拉鍊腿部內側通風口\r\n雪衣褲連接系統\r\n500D 馬蹄形下擺™\r\n褲管鞋帶花邊金屬鉤\r\n鈕扣褲管擴張系統\r\n皮帶環上的纜車票孔眼', '2025-02-23 14:06:04', NULL, NULL, NULL),
(15, '686 Men\'s Standard Shell Pant 滑雪褲 - Tobacco', 4400, 7, 1, '686 的基本款滑雪褲採用時尚的黑色配色，防水等級為 10K，為山區的惡劣條件提供有力的保護。而大腿內側的 Air-flo 網狀通風孔可在你感到悶熱時讓冷空氣進入調節。', '10,000MM 防水等級 + DWR 防潑水技術處理\r\ninfiDRY® 10K 專利防水面料 + DWR 防潑水技術處理\r\n關鍵部位接縫膠條 (壓膠) 處理\r\nShell Design\r\nAir-Flo™ 網狀拉鍊腿部內側通風口\r\n雪衣褲連接系統\r\n500D 馬蹄形下擺™\r\n褲管鞋帶花邊金屬鉤\r\n鈕扣褲管擴張系統\r\n皮帶環上的纜車票孔眼', '2025-02-23 14:08:35', NULL, NULL, NULL),
(16, '686 Women\'s Standard Shell Pant 滑雪褲 - Black', 4400, 8, 2, '686 的基本款滑雪褲採用時尚的黑色配色，防水等級為 10K，為山區的惡劣條件提供有力的保護。而大腿內側的 Air-flo 網狀通風孔可在你感到悶熱時讓冷空氣進入調節。', '10,000MM 防水等級 + DWR 防潑水技術處理\r\ninfiDRY® 10K 專利防水面料 + DWR 防潑水技術處理\r\n關鍵部位接縫膠條 (壓膠) 處理\r\nShell Design\r\nAir-Flo™ 網狀拉鍊腿部內側通風口\r\n雪衣褲連接系統\r\n500D 馬蹄形下擺™\r\n褲管鞋帶花邊金屬鉤\r\n鈕扣褲管擴張系統\r\n皮帶環上的纜車票孔眼', '2025-02-23 14:11:16', NULL, NULL, NULL),
(17, '686 Women\'s Standard Shell Pant 滑雪褲 - Light Grey', 4400, 8, 2, '686 的基本款滑雪褲採用時尚的黑色配色，防水等級為 10K，為山區的惡劣條件提供有力的保護。而大腿內側的 Air-flo 網狀通風孔可在你感到悶熱時讓冷空氣進入調節。', '10,000MM 防水等級 + DWR 防潑水技術處理\r\ninfiDRY® 10K 專利防水面料 + DWR 防潑水技術處理\r\n關鍵部位接縫膠條 (壓膠) 處理\r\nShell Design\r\nAir-Flo™ 網狀拉鍊腿部內側通風口\r\n雪衣褲連接系統\r\n500D 馬蹄形下擺™\r\n褲管鞋帶花邊金屬鉤\r\n鈕扣褲管擴張系統\r\n皮帶環上的纜車票孔眼', '2025-02-23 14:14:00', NULL, NULL, NULL),
(18, '686 Women\'s Progression Padded Pant V2 內置防摔墊滑雪褲', 4400, 8, 2, '686 Progression 內置護墊滑雪褲，適合希望提高滑雪技能的滑雪者，它是一款符合人體工程學的低調防雪褲，配有可拆卸且貼合身體輪廓的襯墊，旨在在您摔倒時為您提供保護。膝蓋、大腿、臀部和切割 8 毫米的可拆卸 EVA 襯墊，以便於清潔，並在您撞擊的地方提供保護。', '膝蓋、大腿、臀部和座椅處採用全新可拆卸的切割 8 毫米 EVA 襯墊\r\n10,000MM 防水/透氣等級 + DWR 防潑水技術處理\r\ninfiDRY® 10K 專利尼龍防水面料 + DWR 防潑水技術處理\r\n關鍵部位的接縫膠條 (壓膠) 處理\r\n外部調節鬆緊彈性腰帶\r\nAir-Flo™ 網狀拉鍊腿部內側通風口\r\n雪衣褲連接系統\r\n500D 馬蹄形下擺™\r\n500D 膝蓋部位布料\r\n褲管鞋帶花邊金屬鉤\r\n皮帶環上的纜車票孔眼', '2025-02-23 14:16:24', NULL, NULL, NULL),
(19, 'Eb\'s XRD® Beanie 防護型毛帽 - Black', 1280, 2, 0, '後腦勺配備「XRD®」護墊的無簷毛帽', '分段式 XRD® 墊可吸收並減少對後腦勺的衝擊力。\r\n護墊無法移除。\r\n材質 ：100% 亞克力纖維\r\n \r\n\r\nXRD® 材質優勢 : \r\n\r\n吸收高達 90% 的撞擊衝擊力\r\n外部襯墊的防滑設計，避免因衝擊所造成襯墊位移\r\n高彈力面料，提供舒適、合身的貼合感\r\nMicroban® 抗菌技術提供持久抗菌保護，效果不會因清洗或磨損而消耗\r\n使用壽命長，耐久度高，並不會因高使用頻率下擠壓變形', '2025-02-23 14:23:22', NULL, NULL, NULL),
(20, 'SpecialGuest V2 Logo Beanie 毛帽 - Apple Green', 1000, 2, 0, 'SpecialGuest V2 Logo Beanie 毛帽', 'Shell Acrylic 100%', '2025-02-23 14:26:24', NULL, NULL, NULL),
(21, 'SpecialGuest V2 Logo Beanie 毛帽 - Black', 1000, 2, 0, 'SpecialGuest V2 Logo Beanie 毛帽', 'Shell Acrylic 100%', '2025-02-23 14:28:07', NULL, NULL, NULL),
(22, 'SpecialGuest Easy Beanie R 毛帽 - Pink Yarrow', 1200, 2, 0, 'SpecialGuest V2 Logo Beanie 毛帽', 'Shell Acrylic 100%', '2025-02-23 14:29:32', NULL, NULL, NULL),
(23, 'Burton Plush Beanie 毛帽 - Imperial Purple', 1300, 2, 0, '你值得擁有一頂毛絨玩具。\r\n除了舒適之外，還有 Burton 毛絨無簷毛帽。是那種一定能讓寒冷的冬天變得明亮的舒適感。', '70% 再生聚酯纖維、30% 聚酯纖維\r\n再生材料 : 至少 70% 的回收材料可減少對原材料和地球的影響。\r\n中筒款式 : 介於低筒無簷毛帽和高筒無簷毛帽之間的折衷方案。\r\n繡花補丁\r\n折疊式帽簷\r\n單一尺寸 One Size', '2025-02-23 14:31:15', NULL, NULL, NULL),
(24, 'Burton [ak] Stagger Beanie 毛帽 - Kelp', 1700, 2, 0, '無論是山上還是山下，Burton [ak] Stagger Beanie 均採用美麗諾羊毛製成，可調節溫度，讓您倍感舒適。', '65% 美麗諾羊毛，35% 尼龍\r\n輕盈美麗諾羊毛混紡面料為您提供自然溫度調節、透氣性和無異味的保暖效果。\r\n中筒款式 : 介於低筒無簷毛帽和高筒無簷毛帽之間的折衷方案。\r\n帽簷折疊設計，Skully Fit\r\n單一尺寸 One Size', '2025-02-23 14:33:26', NULL, NULL, NULL),
(25, 'Spyder Groomers Beanie 毛帽 - Aether Blue', 1300, 2, 0, 'Groomers 毛帽採用經典輪廓，是一款無襯裡、100% 再生聚酯纖維帽子，採用雙層結構製成，並配有 Spyder 刺繡貼片。', '100%再生聚酯紗\r\n無襯裡雙層結構\r\nSpyder 刺繡貼片', '2025-02-23 14:34:37', NULL, NULL, NULL),
(26, 'Spyder Shelby Beanie 毛帽 - True Navy', 1300, 2, 0, 'Spyder Shelby Beanie 毛帽', '100% 再生聚酯紗線\r\n抓絨襯裡\r\n針織 Logo 標誌設計\r\nOne Size 單一尺寸', '2025-02-23 14:36:54', NULL, NULL, NULL),
(27, 'Spyder Reversible Innsbruck Beanie 雙面毛帽 - Aether Blue', 1100, 2, 0, 'Spyder Reversible Innsbruck Beanie 雙面毛帽', '100%再生聚酯織線\r\n無襯裡雙層結構\r\n針織 Logo 設計\r\nOne Size 單一尺寸', '2025-02-23 14:38:23', NULL, NULL, NULL),
(28, 'Burton Men\'s Photon Step On® Boots 24/25 男款雪鞋 - Petrol Green', 16500, 10, 1, '只要一踩上去，即可盡情滑雪的探索樂趣。\r\nBurton Photon Step On® 的快速鎖定滿足 Step On® 的便利性。完美貼合和反應靈敏的感覺鼓勵您嘗試大膽的滑行風格。\r\n從 Step On® 的容易上手性到任何級別騎手所需的支撐性，當您需要在板上做更多事情時，Photon 都會為您提供支援。這是一款沒有什麼限制的靴子，無論是貼合度還是舒適度，都是為喜歡挑戰極限的騎手打造的。', 'Lacing : Sequence Boa®\r\nLiner : Imprint™ 3 Liner\r\nInner Cuff : Focus Cuff\r\nOutsole\r\nVibram Traction Lug\r\nVibram® EcoStep\r\nWarmth Features : Sleeping Bag Reflective Foil\r\nWarranty : 1-Year Warranty\r\nTerrain\r\nAll Mountain\r\nPark\r\nBackcountry', '2025-02-23 14:41:52', NULL, NULL, NULL),
(29, 'Burton Men\'s Photon Step On® Wide Boots 24/25 男款雪鞋 - Deep Emerald', 16500, 10, 1, '只要一踩上去，即可盡情滑雪的探索樂趣。\r\nBurton Photon Step On® 的快速鎖定滿足 Step On® 的便利性。完美貼合和反應靈敏的感覺鼓勵您嘗試大膽的滑行風格。\r\n從 Step On® 的容易上手性到任何級別騎手所需的支撐性，當您需要在板上做更多事情時，Photon 都會為您提供支援。這是一款沒有什麼限制的靴子，無論是貼合度還是舒適度，都是為喜歡挑戰極限的騎手打造的。', 'Lacing : Sequence Boa®\r\nLiner : Imprint™ 3 Liner\r\nInner Cuff : Focus Cuff\r\nOutsole\r\nVibram Traction Lug\r\nVibram® EcoStep\r\nWarmth Features : Sleeping Bag Reflective Foil\r\nWarranty : 1-Year Warranty\r\nTerrain\r\nAll Mountain\r\nPark\r\nBackcountry', '2025-02-23 14:51:28', NULL, '2025-02-25 09:08:34', NULL),
(30, 'Burton Men\'s Ruler Step On® Boots 24/25 男款雪鞋 - Black', 12500, 10, 1, '穿上這款 Burton Ruler Step On® 單板滑雪靴，可完成更大的坡度落差和增強你的滑雪技巧。\r\nRuler Step On® 秉持將個人技能提升至專業水平的傳統，將響應性能與 Step On® 的便利性相結合，打造出同樣靈活且強大耐用的雪靴。微調貼合度增添了輕鬆和像是飛行的體驗。', 'Lacing : Sequence Boa®\r\nLiner : Imprint™ 2\r\nInner Cuff : Lock-Up Cuff\r\nOutsole\r\nStep On™ Outsole\r\nBurton Recycled Content Rubber\r\nWarmth Features\r\n3M™ Thinsulate™ Insulation\r\nSleeping Bag Reflective Foil\r\nWarranty :1-Year Warranty\r\nTerrain\r\nAll Mountain\r\nPark', '2025-02-23 14:54:57', NULL, NULL, NULL),
(31, 'Burton Men\'s Ruler Step On® Boots 男款雪鞋 24/25 - Gray Cloud', 12500, 10, 1, '穿上這款 Burton Ruler Step On® 單板滑雪靴，可完成更大的坡度落差和增強你的滑雪技巧。\r\nRuler Step On® 秉持將個人技能提升至專業水平的傳統，將響應性能與 Step On® 的便利性相結合，打造出同樣靈活且強大耐用的雪靴。微調貼合度增添了輕鬆和像是飛行的體驗。', 'Lacing : Sequence Boa®\r\nLiner : Imprint™ 2\r\nInner Cuff : Lock-Up Cuff\r\nOutsole\r\nStep On™ Outsole\r\nBurton Recycled Content Rubber\r\nWarmth Features\r\n3M™ Thinsulate™ Insulation\r\nSleeping Bag Reflective Foil\r\nWarranty :1-Year Warranty\r\nTerrain\r\nAll Mountain\r\nPark', '2025-02-23 14:58:55', NULL, NULL, NULL),
(32, 'Burton Men\'s Ruler Step On® Boots 男款雪鞋 24/25 - Goldenrod', 12500, 10, 1, '穿上這款 Burton Ruler Step On® 單板滑雪靴，可完成更大的坡度落差和增強你的滑雪技巧。\r\nRuler Step On® 秉持將個人技能提升至專業水平的傳統，將響應性能與 Step On® 的便利性相結合，打造出同樣靈活且強大耐用的雪靴。微調貼合度增添了輕鬆和像是飛行的體驗。', 'Lacing : Sequence Boa®\r\nLiner : Imprint™ 2\r\nInner Cuff : Lock-Up Cuff\r\nOutsole\r\nStep On™ Outsole\r\nBurton Recycled Content Rubber\r\nWarmth Features\r\n3M™ Thinsulate™ Insulation\r\nSleeping Bag Reflective Foil\r\nWarranty :1-Year Warranty\r\nTerrain\r\nAll Mountain\r\nPark', '2025-02-23 15:02:30', NULL, NULL, NULL),
(33, 'Burton Women\'s Felix Step On® Boots 24/25 女款雪鞋 - Petrol Green', 16500, 11, 2, '只要一踩上去，即可盡情滑雪的探索樂趣。更舒適且更具可調節性。\r\n當您穿著 Burton Felix Step On® 滑雪靴時，您唯一需要擔心的就是接下來要跑那條雪道。 除了我們的 Step On 固定器改變遊戲規則的簡單性之外，還配備了最新的技術，讓您的雙腳保持舒適，並具有微調貼合度，讓您從上到下都保持一致的貼合性。\r\n融入了充足反應的設計中，提供放鬆的姿勢和全地形多功能性。', 'Lacing : Boa®\r\nSupport : Medium - Stiff\r\nFeatures\r\nDRYRIDE Heat Cycle™\r\nEST® Sole\r\nStep On™\r\nWaste Reduction\r\nTerrain\r\nAll Mountain\r\nPark\r\nBackcountry', '2025-02-23 15:09:04', NULL, NULL, NULL),
(34, 'Burton Women\'s Felix Step On® Wide Boots 24/25 女款雪鞋 - Black\r\n', 16500, 11, 2, '只要一踩上去，即可盡情滑雪的探索樂趣。更舒適且更具可調節性。\r\n當您穿著 Burton Felix Step On® 滑雪靴時，您唯一需要擔心的就是接下來要跑那條雪道。 除了我們的 Step On 固定器改變遊戲規則的簡單性之外，還配備了最新的技術，讓您的雙腳保持舒適，並具有微調貼合度，讓您從上到下都保持一致的貼合性。\r\n融入了充足反應的設計中，提供放鬆的姿勢和全地形多功能性。', 'Lacing : Boa®\r\nSupport : Medium - Stiff\r\nFeatures\r\nDRYRIDE Heat Cycle™\r\nEST® Sole\r\nStep On™\r\nWaste Reduction\r\nTerrain\r\nAll Mountain\r\nPark\r\nBackcountry', '2025-02-23 15:12:30', NULL, NULL, NULL),
(35, 'Burton Women\'s Felix Step On® Wide Boots 24/25 女款雪鞋 - Goldenrod', 16500, 11, 2, '只要一踩上去，即可盡情滑雪的探索樂趣。更舒適且更具可調節性。\r\n當您穿著 Burton Felix Step On® 滑雪靴時，您唯一需要擔心的就是接下來要跑那條雪道。 除了我們的 Step On 固定器改變遊戲規則的簡單性之外，還配備了最新的技術，讓您的雙腳保持舒適，並具有微調貼合度，讓您從上到下都保持一致的貼合性。\r\n融入了充足反應的設計中，提供放鬆的姿勢和全地形多功能性。', 'Lacing : Boa®\r\nSupport : Medium - Stiff\r\nFeatures\r\nDRYRIDE Heat Cycle™\r\nEST® Sole\r\nStep On™\r\nWaste Reduction\r\nTerrain\r\nAll Mountain\r\nPark\r\nBackcountry', '2025-02-23 15:15:25', NULL, NULL, NULL),
(36, 'Burton Women\'s Limelight Step On® Wide Boots 24/25 女款雪鞋 - Gray Cloud', 12400, 11, 2, '讓一切看起來更輕鬆，只要一踩上去，即可盡情滑雪的探索樂趣。\r\n這正是 Limelight Step On® 單板滑雪靴的特色，讓您開箱即用，享受雙腳的舒適體驗，輕鬆度過一天。它們平衡了全天的舒適感和輕鬆的感覺，實現了多功能性能。 Step On® 系統的直覺連接可實現乾淨的穿脫體驗和一致的雪板控制。\r\n保暖、熱塑型內襯與熱反射技術相結合，帶來一流的溫暖舒適感。', 'Lacing : Sequence Boa®\r\nLiner : Imprint™ 2\r\nInner Cuff : Lock-Up Cuff\r\nOutsole\r\nStep On™ Outsole\r\nBurton Recycled Content Rubber\r\nWarmth Features\r\n3M™ Thinsulate™ Insulation\r\nSleeping Bag Reflective Foil\r\nWarranty : 1-Year Warranty\r\nTerrain\r\nAll Mountain\r\nPark\r\n', '2025-02-23 15:18:38', NULL, NULL, NULL),
(37, 'Burton Women\'s Felix BOA® Boots 24/25 女款雪鞋 - Petrol Green', 15900, 11, 2, '當您穿著 Burton Felix BOA® 滑雪靴時，您唯一需要擔心的就是接下來要跑哪條路線。\r\n它們採用了讓您保持溫暖和乾燥的技術，並具有雙顆 BOA® 牢固固定的微調貼合度，讓您可以調節鞋面和鞋面的感覺以匹配您的雙腳。這一切都融入了靈活的設計中，保持放鬆的姿勢和全地形多功能性。', 'Lacing : Dual Zone BOA® Lockdown\r\nSupport : Medium - Stiff\r\nFeatures\r\nDRYRIDE Heat Cycle™\r\nEST® Sole\r\nWaste Reduction\r\nInner Cuff\r\nFocus Cuff\r\nOutsole\r\nVibram® Traction Lug Outsole\r\nVibram® EcoStep\r\nWarmth Features\r\nSleeping Bag Reflective Foil\r\nTerrain\r\nAll Mountain\r\nPark\r\nBackcountry', '2025-02-23 15:22:22', NULL, NULL, NULL),
(38, 'Burton Men\'s Process Flying V Snowboard 24/25 滑雪板', 19200, 15, 1, '這款對稱板型滑雪板可在您需要時提供動力，彰顯 Burton 團隊騎手 Mark McMorris 的輕鬆風格。\r\nMark McMorris 選擇了 Burton Process 滑雪板，因為它兼具 Freestyle 樂趣和全地形能力。準備起飛的板身為您提供充足的 Pop 和 Flying V Camber 的精確控制能力。且今年將老虎的輕鬆駕馭力量的悠然自得帶到了同樣充滿力量的這款雪版上。', 'Flying V™\r\n\r\n具有兩腳之間和雙腳外側的ROCKER輪廓，可增加雪板的樂趣；腳下CAMBER輪廓在滑行時增加鋼邊控制力，精準的控制、增加彈力和強而有力的轉向。\r\n\r\nTwin Shape\r\n\r\nTwin Shape 完全對稱，因此無論您是正常滑行還是Switch 滑行，都擁有出色的穩定性旋轉和相同感受。\r\n\r\n \r\n\r\n\r\n\r\nThe Channel®\r\n\r\nChannel® 雪板追求最細緻完美的站姿寬度，並與所有雪板固定器兼容\r\n\r\nTwin Flex\r\n\r\n完全對稱的雪板彈性，無論是常規雪道滑行或是Switch，在表現上達成完美平衡的多功能性。\r\n\r\n\r\n\r\nTriax™ Fiberglass\r\n\r\nTriax 玻璃纖維，同時提供雪板各處所需的強度和響應，並採用超輕碳纖骨架，以增加彈力和縱向強度。\r\n\r\nSintered Base\r\n\r\n耐用且板底毛細孔密集，提供額外的耐用性和卓越的吸蠟性，從而實現更好的滑動能力。', '2025-02-23 15:45:26', NULL, NULL, NULL),
(39, 'Burton Men\'s Custom X Camber Snowboard 24/25 滑雪板', 29400, 15, 1, 'Burton 系列中最具侵略性的雪板，具有專業級的速度和精確度。\r\n專業級對於任何滑雪板來說都是一個強有力的口碑象徵，Custom X 憑藉精細的設計和強大的驅動力，多次為最刁鑽的騎手提供服務。\r\n我們對這張雪板技術充滿信心，其中包括 Carbon-fueled 的 Squeezebox High 核心、競賽級底座和 45° 碳纖High-Voltage，實現終極輕量化響應。', 'Camber\r\n\r\nCamber 提倡強大的轉彎能量和精度，提供靈活的拱形設計，重量均勻分佈在整個板上，以實現從尖端到尾部的平滑、連續的鋼邊控制\r\n\r\nAll Mountain Directional Shape\r\n\r\n經典的滑雪板形狀，設計時板頭比板尾稍長，以便將彈力集中在尾部，同時提供充足的浮力、流動和控制力，以適應任何地形或條件。\r\n\r\n\r\n\r\nThe Channel®\r\n\r\nChannel® 雪板追求最細緻完美的站姿寬度，並與所有雪板固定器兼容\r\n\r\nTwin Flex\r\n\r\n完全對稱的雪板彈性，無論是常規雪道滑行或是Switch，在表現上達成完美平衡的多功能性。\r\n\r\n\r\n\r\nDragonfly™ 600G Core\r\n\r\n採用 Multizone™ EGD™，在衝擊區使用端粒木材，在不犧牲強度的情況下減輕重量。\r\n\r\nMultizone™ EGD™\r\n\r\n在衝擊區使用端粒木材，在不犧牲強度的情況下減輕重量。\r\n\r\n\r\n\r\nCarbon Highlights\r\n\r\n45° 碳纖維和玻璃纖維構造優化了玻璃纖維基質的每一層，從頭到尾添加了完整的碳纖層，以減輕重量並微調扭轉雪板的感覺。\r\n\r\nSintered WFO Base\r\n\r\n將特殊配方的板底蠟注入超吸水性高密度再生燒結材料的孔隙深處，使任何條件環境下的滑行表現一致且超耐久。', '2025-02-23 15:50:11', NULL, NULL, NULL),
(40, 'Burton Men\'s Deep Thinker Camber Snowboard 24/25 滑雪板', 22800, 15, 1, 'Burton Deep Thinker 滑雪板是職業滑雪者 Danny Davis 最愛在 Park,Pipe 或 mobbing 中使用的指向性滑雪板。\r\n幾何設計的獨特形狀，加上指向型 Camber 的浮力和響應能力，只需一點錐度即可提高它的全山能力，同時保持 Freeride 的爆發性，45° 碳纖維提供輕鬆的彈跳力，卻沒有僵硬的副作用。', 'Directional Camber\r\n\r\n在雙腳下方具有Camber輪廓，可在較深的轉彎和各種地形條件下保持穩定性，並且rocker板頭可增加浮力。\r\n\r\nAll Mountain Directional Shape\r\n\r\n經典的滑雪板形狀，設計時板頭比板尾稍長，以便將彈力集中在尾部，同時提供充足的浮力、流動和控制力，以適應任何地形或條件。\r\n\r\n\r\n\r\n7mm Taper\r\n\r\n7 mm Taper 使轉彎變得更輕鬆，提供指向性雪板的優勢和感覺，同時又像對稱板一樣沒有任何阻礙的滑行感受。\r\n\r\nDirectional Flex\r\n\r\nDirectional Flex 在板尾增加彈力和更具彈性的板頭，使騎手能夠在所有地形和條件下輕鬆保持控制。\r\n\r\n\r\n\r\nSuper Fly II™ 700G Core\r\n\r\n使用更堅固、更輕的木材來提供彈力和強度，同時減輕整體重量\r\n\r\nDualzone™ EGD™\r\n\r\nDualzone™ EGD™ 木紋 沿著腳尖和腳跟鋼邊的位置垂直於雪板核心上，達成更優秀的edge-hold、響應和強度。\r\n\r\n\r\n\r\nCarbon Highlights\r\n\r\n45° 碳纖維和玻璃纖維構造優化了玻璃纖維基質的每一層，從頭到尾添加了完整的碳纖層，以減輕重量並微調扭轉雪板的感覺。\r\n\r\nSintered WFO Base\r\n\r\n將特殊配方的板底蠟注入超吸水性高密度再生燒結材料的孔隙深處，使任何條件環境下的滑行表現一致且超耐久。\r\n\r\n\r\n\r\nThe Channel®\r\n\r\nChannel® 雪板追求最細緻完美的站姿寬度，並與所有雪板固定器兼容\r\n\r\nDragonfly™ 600G Core\r\n\r\n採用 Multizone™ EGD™，在衝擊區使用端粒木材，在不犧牲強度的情況下減輕重量。\r\n\r\nMultizone™ EGD™\r\n\r\n在衝擊區使用端粒木材，在不犧牲強度的情況下減輕重量。\r\n\r\n\r\n\r\nCarbon Highlights\r\n\r\n45° 碳纖維和玻璃纖維構造優化了玻璃纖維基質的每一層，從頭到尾添加了完整的碳纖層，以減輕重量並微調扭轉雪板的感覺。\r\n\r\nSintered WFO Base\r\n\r\n將特殊配方的板底蠟注入超吸水性高密度再生燒結材料的孔隙深處，使任何條件環境下的滑行表現一致且超耐久。', '2025-02-23 15:56:07', NULL, NULL, NULL),
(41, 'Burton Men\'s Ripcord Flat Top Snowboard 24/25 滑雪板', 14200, 15, 1, '我們最精簡、最適合初學進步的滑雪板。\r\nBurton Ripcord 滑雪板旨在幫助初學者和中級滑雪者加速進入更進階的滑行環境。指向形狀使您可以在任何地形或雪況下輕鬆滑行，而帶有 Easy Bevel flat輪廓增加了穩定性和無卡邊感。\r\n更柔軟、更有趣的靈活性使其成為其他對稱板的替代品，以性能為導向的滑行為您提供比大多數入門級雪板更多的成長空間。', 'Flat Top\r\n\r\n提供穩定性、平衡和連續的鋼邊控制，有助於板頭和板尾抬起，實現無卡邊和輕鬆的滑行體驗。\r\n\r\nAll Mountain Directional Shape\r\n\r\n經典的滑雪板形狀，設計時板頭比板尾稍長，以便將彈力集中在尾部，同時提供充足的浮力、流動和控制力，以適應任何地形或條件。\r\n\r\n\r\n\r\n5mm Taper\r\n\r\n使轉彎變得更輕鬆，提供指向性雪板的優勢和感覺，同時又像對稱板一樣沒有任何阻礙的滑行感受。\r\n\r\nDirectional Flex\r\n\r\nDirectional Flex 在板尾增加彈力和更具彈性的板頭，使騎手能夠在所有地形和條件下輕鬆保持控制。\r\n\r\n\r\n\r\nFly® 900G Core\r\n\r\n一款經典的從頭到尾的木芯，它利用兩種木材中的優點來減輕負載，而不犧牲柔韌性、彈力或強度。\r\n\r\nBiax™ Fiberglass\r\n\r\nBiax 玻璃纖維具有對 JIB 友好、扭轉柔軟的特性和容易操控的感覺，非常適合初學者或Park。\r\n\r\n\r\n\r\nExtruded Base\r\n\r\n提供速度和強度，並且幾乎不需要維護即可擁有良好的滑行體驗。\r\n\r\nThe Channel®\r\n\r\nChannel® 雪板追求最細緻完美的站姿寬度，並與所有雪板固定器兼容。\r\n\r\n', '2025-02-23 16:00:15', NULL, NULL, NULL),
(42, 'Burton Unisex 3D Fish Directional Flat Top Snowboard 24/25 滑雪板', 24500, 20, 3, '踏上這款受衝浪啟發的粉雪板，專為雪山上最深處的地形而設計。\r\nBurton Fish 3D 滑雪板以我們標誌性 Fish 設計的形狀為基礎，在尖端和尾部添加了受衝浪板啟發的 3D 凸形形狀。使 Fish 在深雪中的衝浪能力、響應能力和控制能力達到了新的水平。\r\n它是度過最深的粉雪氣候和無人探索的秘密基地的首選工具。 雙燕尾增加了速度和轉彎控制，同時減少長度使滑行更加靈活。', 'Directional Flat Top\r\n\r\n具有整體平坦的板型輪廓，且板頭帶有Rocker ，可實現穩定性和輕鬆漂浮，非常適合在粉雪地形上的衝浪日\r\n\r\nAll Mountain Directional Shape\r\n\r\n經典的滑雪板形狀，設計時板頭比板尾稍長，以便將彈力集中在尾部，同時提供充足的浮力、流動和控制力，以適應任何地形或條件。\r\n\r\n\r\n\r\n30mm Taper\r\n\r\n30 mm 的 Taper 可增加浮力和轉彎能力，尾部寬度較短，可增加下壓力，且板頭處寬度較寬，有助於板頭 pop up.\r\n\r\nDirectional Flex\r\n\r\nDirectional Flex 在板尾增加彈力和更具彈性的板頭，使騎手能夠在所有地形和條件下輕鬆保持控制。\r\n\r\n\r\n\r\nSuper Fly II™ 700G Core\r\n\r\n使用更堅固、更輕的木材來提供彈力和強度，同時減輕整體重量\r\n\r\nDualzone™ EGD™\r\n\r\nDualzone™ EGD™ 木紋 沿著腳尖和腳跟鋼邊的位置垂直於雪板核心上，達成更優秀的edge-hold、響應和強度。\r\n\r\n\r\n\r\nCarbon Highlights\r\n\r\n45° 碳纖維和玻璃纖維構造優化了玻璃纖維基質的每一層，從頭到尾添加了完整的碳纖層，以減輕重量並微調扭轉雪板的感覺。\r\n\r\nSintered WFO Base\r\n\r\n將特殊配方的板底蠟注入超吸水性高密度再生燒結材料的孔隙深處，使任何條件環境下的滑行表現一致且超耐久。', '2025-02-23 16:04:18', NULL, NULL, NULL),
(43, 'Burton Unisex Good Company Camber Snowboard 24/25 滑雪板', 15300, 20, 3, '久經考驗的真正雙胞胎，經典永遠是最好的選擇。\r\nBurton Good Company Camber 滑雪板是一款傳統的 Camber 對稱滑雪板，適合尋求在所有地形中都能發揮作用的標準板形和保持傳統感覺的彈性。它是一種精緻的結構，平衡了力量、速度和彈跳性，適合在山上的任何地方追擊和跺腳落地。', 'Camber\r\n\r\nCamber 提倡強大的轉彎能量和精度，提供靈活的拱形設計，重量均勻分佈在整個板上，以實現從尖端到尾部的平滑、連續的鋼邊控制\r\n\r\nTwin Shape\r\n\r\nTwin Shape 完全對稱，因此無論您是正常滑行還是Switch 滑行，都擁有出色的穩定性旋轉和相同感受。\r\n\r\n\r\n\r\nThe Channel®\r\n\r\nChannel® 雪板追求最細緻完美的站姿寬度，並與所有雪板固定器兼容\r\n\r\nTwin Flex\r\n\r\n完全對稱的雪板彈性，無論是常規雪道滑行或是Switch，在表現上達成完美平衡的多功能性。\r\n\r\n\r\n\r\nTriax™ Fiberglass\r\n\r\nTriax 玻璃纖維，同時提供雪板各處所需的強度和響應，並採用超輕碳纖骨架，以增加彈力和縱向強度。\r\n\r\nSintered Base\r\n\r\n耐用且板底毛細孔密集，提供額外的耐用性和卓越的吸蠟性，從而實現更好的滑動能力。', '2025-02-23 16:08:28', NULL, NULL, NULL),
(44, 'Burton Women\'s Stylus Rocker Snowboard 24/25 滑雪板', 14200, 16, 2, 'Burton Stylus 滑雪板是女士系列中最適合初學的滑雪板，專為希望建立技能基礎的有抱負的騎手而設計。\r\n就像把筆放在一張白紙上一樣，Stylus 可以消除您的恐懼，從您第一次繫好安全帶時就開始傳授平衡和雪板控制，帶來輕鬆的感覺、高容錯靈活性和自由的滑行體驗。無論您指向哪個方向，它都穩定且易於操作。', 'V-Rocker™\r\n\r\nV 型 Rocker 位於中間，固定器下方有 Flat 區域，固定器區域外有連續 Rocker，營造出輕鬆騎乘、衝浪的感覺。\r\n\r\nTwin Shape\r\n\r\nTwin Shape 完全對稱，因此無論您是正常滑行還是Switch 滑行，都擁有出色的穩定性旋轉和相同感受。\r\n\r\n \r\n\r\n\r\n\r\nTwin Flex\r\n\r\n完全對稱的雪板彈性，無論是常規雪道滑行或是Switch，在表現上達成完美平衡的多功能性。\r\n\r\nBiax™ Fiberglass\r\n\r\nBiax 玻璃纖維具有對 JIB 友好、扭轉柔軟的特性和容易操控的感覺，非常適合初學者或Park。\r\n\r\n\r\n\r\nExtruded Base\r\n\r\n提供速度和強度，並且幾乎不需要維護即可擁有良好的滑行體驗。\r\n\r\nThe Channel®\r\n\r\nChannel® 雪板追求最細緻完美的站姿寬度，並與所有雪板固定器兼容。', '2025-02-23 19:39:36', NULL, NULL, NULL),
(45, 'Burton Women\'s Feelgood Camber Snowboard 24/25 滑雪板', 21800, 16, 2, '當您想要逐雪刻滑並探索自然樹林時，Burton Feelgood 滑雪板將助您取得成功。\r\n在團隊騎手 Kelly Clark 的支持下，它擁有獨特的形狀，與 Camber 輪廓相匹配，並且具有法拉利般的強勁操控性。指向型板型可輕鬆應對各種條件，使其成為征服所有地形的首選板。', 'Camber\r\n\r\nCamber 提倡強大的轉彎能量和精度，提供靈活的拱形設計，重量均勻分佈在整個板上，以實現從尖端到尾部的平滑、連續的鋼邊控制\r\n\r\nAll Mountain Directional Shape\r\n\r\n經典的滑雪板形狀，設計時板頭比板尾稍長，以便將彈力集中在尾部，同時提供充足的浮力、流動和控制力，以適應任何地形或條件。\r\n\r\n\r\n\r\nThe Channel®\r\n\r\nChannel® 雪板追求最細緻完美的站姿寬度，並與所有雪板固定器兼容\r\n\r\nTwin Flex\r\n\r\n完全對稱的雪板彈性，無論是常規雪道滑行或是Switch，在表現上達成完美平衡的多功能性。\r\n\r\n\r\n\r\nCarbon Highlights\r\n\r\n45° 碳纖維和玻璃纖維構造優化了玻璃纖維基質的每一層，從頭到尾添加了完整的碳纖層，以減輕重量並微調扭轉雪板的感覺。\r\n\r\nSintered WFO Base\r\n\r\n將特殊配方的板底蠟注入超吸水性高密度再生燒結材料的孔隙深處，使任何條件環境下的滑行表現一致且超耐久。', '2025-02-23 19:45:54', NULL, NULL, NULL),
(46, 'Burton Women\'s Yeasayer Flying V Snowboard 24/25 滑雪板', 17800, 16, 2, '從未經探索的雪山到您最喜歡的公園，Burton Yeasayer 滑雪板可以馴服任何阻礙您的事物。\r\nFlying V 的輪廓設計提供了一種輕鬆、飄逸的感覺，對稱設計讓您無論朝哪個方向都可以掌控。無論您是在及膝深的深雪中衝浪，都能拉升板頭，帶來無束縛的感覺。', 'Flying V™\r\n\r\n具有兩腳之間和雙腳外側的ROCKER輪廓，可增加雪板的樂趣；腳下CAMBER輪廓在滑行時增加鋼邊控制力，精準的控制、增加彈力和強而有力的轉向。\r\n\r\nTwin Shape\r\n\r\nTwin Shape 完全對稱，因此無論您是正常滑行還是Switch 滑行，都擁有出色的穩定性旋轉和相同感受。\r\n\r\n \r\n\r\n\r\n\r\nThe Channel®\r\n\r\nChannel® 雪板追求最細緻完美的站姿寬度，並與所有雪板固定器兼容\r\n\r\nTwin Flex\r\n\r\n完全對稱的雪板彈性，無論是常規雪道滑行或是Switch，在表現上達成完美平衡的多功能性。\r\n\r\n\r\n\r\nTriax™ Fiberglass\r\n\r\nTriax 玻璃纖維，同時提供雪板各處所需的強度和響應，並採用超輕碳纖骨架，以增加彈力和縱向強度。\r\n\r\nExtruded Base\r\n\r\n提供速度和強度，並且幾乎不需要維護即可擁有良好的滑行體驗。', '2025-02-23 19:49:01', NULL, NULL, NULL),
(47, 'K2 LUV 75 Women\'s Ski 雙板滑雪板（套裝）', 19280, 14, 2, 'Easy to Maneuver\r\n雪板組包含可調式固定器', 'Fall in luv with skiing all over again on the K2 Luv 75. Forgiving and easy to maneuver, this ski\'s Catch-Free Rocker and ultra-light composite core keep your legs fresher than morning yoga. Softly rounded tip and tail ease into turns to remind you how much fun it is to fly downhill any season, and classic cap construction ties this delicious piece together – the Luv 75 is the complete package for all-mountain explorers.\r\nRadius:\r\n14m @163\r\n \r\nConstruction:\r\nComposite Core\r\n \r\nBinding Options:\r\nMarker K2 / ER3 10.0\r\n \r\nFeatures:\r\nCap Construction\r\n \r\nBaseline:\r\nCatch-Free Rocker\r\n \r\nDimensions:\r\n115/75/106\r\n \r\nSizes Offered:\r\n142, 149, 156, 163\r\nTechnology\r\nCap construction\r\nCap Construction\r\n\r\nDurable and lightweight 「cap」 skis are built by a sophisticated molding process that envelopes the core and internal materials with the top layer of the ski. Used throughout our ski line, cap constructions can be assembled with a variety of different cores. These variations, such as glass and/or metal materials, are the determining factors of the skis\' performance.', '2025-02-23 19:53:34', NULL, NULL, NULL),
(48, 'K2 LUVIT 76 Women\'s Ski 雙板滑雪板（套裝）', 26880, 14, 0, 'Ski With Your Heart\r\n雪板組包含可調式固定器', 'Radius:\r\n14m @163\r\n \r\nConstruction:\r\nComposite Core\r\n \r\nBinding Options:\r\nMarker K2 / ER3 10\r\n \r\nFeatures:\r\nHybritech Sidewall\r\n \r\nBaseline:\r\nAll-Terrain Rocker\r\n \r\nDimensions:\r\n120/76/105\r\n \r\nSizes Offered:\r\n142, 149, 156, 163', '2025-02-25 18:25:54', NULL, NULL, NULL),
(50, '【HEAD】Supershape e-Rally(PROTECTOR 13)_雙板滑雪板_2425', 36900, 14, 0, '因尖端設計、卓越工程和支持世界各地所有運動的熱情而享有盛譽，成為高山滑雪比賽和冬季奧運會上最成功的裝備品牌，提供專業運動員連續 12 年在雪道上奪得了冠軍！締造高山運動的歷史。', '- 128 / 78 / 112\r\n- 轉彎半徑：詳見下方規格說明\r\n- 使用EMC電子滑雪減震系統\r\n- Crossforce Carbon碳技術提供輕量和負載分佈的平衡\r\n- Better Balance Plate (SL 259 - 382 mm)\r\n- Worldcup 夾層結構\r\n- Speed Rocker\r\n- Race Structured UHM C底座\r\n- 固定器：PROTECTOR PR 13 GW Brake [P] 85 mm', '2025-02-26 14:01:25', NULL, NULL, NULL),
(51, 'Roxy Women\'s Gore-Tex Lunalite 3L Snow Jacket 滑雪外套 - Buttercream', 17800, 5, 0, '穿上我們的 ROXY Gore-Tex® Lunalite 3L 滑雪外套，保持溫暖和乾爽。\r\n採用環保面料、Gore-Tex 3L 防水透氣技術、DWR 防水面料處理、由回收 PET 瓶製成的 WarmFlight® 保暖材質、量身定制的剪裁和可調節兜帽。', '100% 再生聚酯平紋布料\r\nGORE-TEX® 防水透氣技術, 保證隨時保持乾爽 + 不含 PFC DWR 防水塗層處理\r\nWarmFlight® x1 保暖科技技術，由回收 PET 瓶製成，超輕且透氣保暖\r\nTailored fit 修身版型\r\nYKK® Aquaguard® 防水拉鍊設計\r\n相容於安全帽的可調式固定風帽，頂部附金屬絲遮陽板\r\n雙邊插手口袋\r\n胸前置物口袋\r\n內部手機口袋和護目鏡口袋\r\n袖口通行證口袋\r\n全部位壓膠接縫處理\r\n雪衣褲連結系統\r\n3D 彈性按扣式雪裙\r\n網狀襯裡腋下通風孔\r\n帶有拇指孔的內部彈力指套\r\n袖口魔鬼氈調節\r\n下巴穿孔遮風護罩\r\n鑰匙夾\r\n內附鏡片拭鏡布', '2025-02-27 13:33:29', NULL, NULL, NULL),
(52, '123', 123, 15, 0, '123', '123', '2025-03-01 16:36:06', NULL, NULL, '2025-03-01 09:36:24');

-- --------------------------------------------------------

--
-- 資料表結構 `product_images`
--

CREATE TABLE `product_images` (
  `id` int(11) NOT NULL,
  `product_id` int(11) NOT NULL,
  `url` varchar(255) NOT NULL,
  `sortOrder` int(11) DEFAULT 0,
  `createdAt` timestamp NOT NULL DEFAULT current_timestamp(),
  `valid` tinyint(4) NOT NULL DEFAULT 1
) ENGINE=InnoDB DEFAULT CHARSET=utf8mb4 COLLATE=utf8mb4_unicode_ci;

--
-- 傾印資料表的資料 `product_images`
--

INSERT INTO `product_images` (`id`, `product_id`, `url`, `sortOrder`, `createdAt`, `valid`) VALUES
(1, 1, './productImages/1/ProductPicture.jfif', 0, '2025-02-21 03:23:51', 1),
(2, 1, './productImages/1/ProductPicture (1).jfif', 2, '2025-02-21 03:23:51', 1),
(3, 1, './productImages/1/ProductPicture (2).jfif', 1, '2025-02-21 03:23:51', 1),
(4, 1, './productImages/1/ProductPicture (3).jfif', 3, '2025-02-21 03:23:51', 1),
(5, 1, './productImages/1/ProductPicture (4).jfif', 4, '2025-02-21 03:23:51', 1),
(6, 2, './productImages/2/ProductPicture.jfif', 0, '2025-02-21 03:23:51', 1),
(7, 2, './productImages/2/ProductPicture (1).jfif', 1, '2025-02-21 03:23:51', 1),
(8, 2, './productImages/2/ProductPicture (2).jfif', 2, '2025-02-21 03:23:51', 1),
(9, 2, './productImages/2/ProductPicture (3).jfif', 3, '2025-02-21 03:23:51', 1),
(10, 2, './productImages/2/ProductPicture (4).jfif', 4, '2025-02-21 03:23:51', 1),
(11, 3, './productImages/3/ProductPicture.jfif', 0, '2025-02-21 03:49:11', 1),
(12, 3, './productImages/3/ProductPicture (1).jfif', 1, '2025-02-21 03:49:11', 1),
(13, 3, './productImages/3/ProductPicture (2).jfif', 2, '2025-02-21 03:49:11', 1),
(14, 3, './productImages/3/ProductPicture (3).jfif', 3, '2025-02-21 03:49:11', 1),
(15, 3, './productImages/3/ProductPicture (4).jfif', 4, '2025-02-21 03:49:11', 1),
(16, 4, './productImages/4/ProductPicture.jfif', 0, '2025-02-23 05:16:25', 1),
(17, 4, './productImages/4/ProductPicture (1).jfif', 1, '2025-02-23 05:16:25', 1),
(18, 4, './productImages/4/ProductPicture (2).jfif', 2, '2025-02-23 05:16:25', 1),
(19, 4, './productImages/4/ProductPicture (3).jfif', 3, '2025-02-23 05:16:25', 1),
(20, 4, './productImages/4/ProductPicture (4).jfif', 4, '2025-02-23 05:16:25', 1),
(21, 5, './productImages/5/ProductPicture.jfif', 0, '2025-02-23 05:21:07', 1),
(22, 5, './productImages/5/ProductPicture (1).jfif', 1, '2025-02-23 05:21:07', 1),
(23, 5, './productImages/5/ProductPicture (2).jfif', 2, '2025-02-23 05:21:07', 1),
(24, 5, './productImages/5/ProductPicture (3).jfif', 3, '2025-02-23 05:21:07', 1),
(25, 5, './productImages/5/ProductPicture (4).jfif', 4, '2025-02-23 05:21:07', 1),
(26, 6, './productImages/6/ProductPicture.jfif', 0, '2025-02-23 05:25:25', 1),
(27, 6, './productImages/6/ProductPicture (1).jfif', 1, '2025-02-23 05:25:25', 1),
(28, 6, './productImages/6/ProductPicture (2).jfif', 2, '2025-02-23 05:25:25', 1),
(29, 6, './productImages/6/ProductPicture (3).jfif', 3, '2025-02-23 05:25:25', 1),
(30, 6, './productImages/6/ProductPicture (4).jfif', 4, '2025-02-23 05:25:25', 1),
(31, 7, './productImages/7/ProductPicture.jfif', 0, '2025-02-23 05:33:55', 1),
(32, 7, './productImages/7/ProductPicture (1).jfif', 1, '2025-02-23 05:33:55', 1),
(33, 7, './productImages/7/ProductPicture (2).jfif', 2, '2025-02-23 05:33:55', 1),
(34, 7, './productImages/7/ProductPicture (3).jfif', 3, '2025-02-23 05:33:55', 1),
(35, 7, './productImages/7/ProductPicture (4).jfif', 4, '2025-02-23 05:33:55', 1),
(36, 8, './productImages/8/ProductPicture.jfif', 0, '2025-02-23 05:36:53', 1),
(37, 8, './productImages/8/ProductPicture (1).jfif', 1, '2025-02-23 05:36:53', 1),
(38, 8, './productImages/8/ProductPicture (2).jfif', 2, '2025-02-23 05:36:53', 1),
(39, 8, './productImages/8/ProductPicture (3).jfif', 3, '2025-02-23 05:36:53', 1),
(40, 8, './productImages/8/ProductPicture (4).jfif', 4, '2025-02-23 05:36:53', 1),
(41, 9, './productImages/9/ProductPicture.jfif', 0, '2025-02-23 05:40:21', 1),
(42, 9, './productImages/9/ProductPicture (1).jfif', 1, '2025-02-23 05:40:21', 1),
(43, 9, './productImages/9/ProductPicture (2).jfif', 2, '2025-02-23 05:40:21', 1),
(44, 9, './productImages/9/ProductPicture (3).jfif', 3, '2025-02-23 05:40:21', 1),
(45, 9, './productImages/9/ProductPicture (4).jfif', 4, '2025-02-23 05:40:21', 1),
(46, 10, './productImages/10/ProductPicture.jfif', 0, '2025-02-23 05:46:01', 1),
(47, 10, './productImages/10/ProductPicture (1).jfif', 1, '2025-02-23 05:46:01', 1),
(48, 10, './productImages/10/ProductPicture (2).jfif', 2, '2025-02-23 05:46:01', 1),
(49, 10, './productImages/10/ProductPicture (3).jfif', 3, '2025-02-23 05:46:01', 1),
(50, 10, './productImages/10/ProductPicture (4).jfif', 4, '2025-02-23 05:46:01', 1),
(51, 11, './productImages/11/ProductPicture.jfif', 0, '2025-02-23 05:48:52', 1),
(52, 11, './productImages/11/ProductPicture (1).jfif', 1, '2025-02-23 05:48:52', 1),
(53, 11, './productImages/11/ProductPicture (2).jfif', 2, '2025-02-23 05:48:52', 1),
(54, 11, './productImages/11/ProductPicture (3).jfif', 3, '2025-02-23 05:48:52', 1),
(55, 11, './productImages/11/ProductPicture (4).jfif', 4, '2025-02-23 05:48:52', 1),
(56, 12, './productImages/12/ProductPicture.jfif', 0, '2025-02-23 05:59:08', 1),
(57, 12, './productImages/12/ProductPicture (1).jfif', 1, '2025-02-23 05:59:08', 1),
(58, 12, './productImages/12/ProductPicture (2).jfif', 2, '2025-02-23 05:59:08', 1),
(59, 12, './productImages/12/ProductPicture (3).jfif', 3, '2025-02-23 05:59:08', 1),
(60, 12, './productImages/12/ProductPicture (4).jfif', 4, '2025-02-23 05:59:08', 1),
(61, 13, './productImages/13/ProductPicture.jfif', 0, '2025-02-23 06:03:22', 1),
(62, 13, './productImages/13/ProductPicture (1).jfif', 1, '2025-02-23 06:03:22', 1),
(63, 13, './productImages/13/ProductPicture (2).jfif', 2, '2025-02-23 06:03:22', 1),
(64, 13, './productImages/13/ProductPicture (3).jfif', 3, '2025-02-23 06:03:22', 1),
(65, 13, './productImages/13/ProductPicture (4).jfif', 4, '2025-02-23 06:03:22', 1),
(66, 14, './productImages/14/ProductPicture.jfif', 0, '2025-02-23 06:06:43', 1),
(67, 14, './productImages/14/ProductPicture (1).jfif', 1, '2025-02-23 06:06:43', 1),
(68, 14, './productImages/14/ProductPicture (2).jfif', 2, '2025-02-23 06:06:43', 1),
(69, 14, './productImages/14/ProductPicture (3).jfif', 3, '2025-02-23 06:06:43', 1),
(70, 14, './productImages/14/ProductPicture (4).jfif', 4, '2025-02-23 06:06:43', 1),
(71, 15, './productImages/15/ProductPicture.jfif', 0, '2025-02-23 06:09:10', 1),
(72, 15, './productImages/15/ProductPicture (1).jfif', 1, '2025-02-23 06:09:10', 1),
(73, 15, './productImages/15/ProductPicture (2).jfif', 2, '2025-02-23 06:09:10', 1),
(74, 15, './productImages/15/ProductPicture (3).jfif', 3, '2025-02-23 06:09:10', 1),
(75, 15, './productImages/15/ProductPicture (4).jfif', 4, '2025-02-23 06:09:10', 1),
(76, 16, './productImages/16/ProductPicture.jfif', 0, '2025-02-23 06:11:53', 1),
(77, 16, './productImages/16/ProductPicture (1).jfif', 1, '2025-02-23 06:11:53', 1),
(78, 16, './productImages/16/ProductPicture (2).jfif', 2, '2025-02-23 06:11:53', 1),
(79, 16, './productImages/16/ProductPicture (3).jfif', 3, '2025-02-23 06:11:53', 1),
(80, 16, './productImages/16/ProductPicture (4).jfif', 4, '2025-02-23 06:11:53', 1),
(81, 17, './productImages/17/ProductPicture.jfif', 0, '2025-02-23 06:14:36', 1),
(82, 17, './productImages/17/ProductPicture (1).jfif', 1, '2025-02-23 06:14:36', 1),
(83, 17, './productImages/17/ProductPicture (2).jfif', 2, '2025-02-23 06:14:36', 1),
(84, 17, './productImages/17/ProductPicture (3).jfif', 3, '2025-02-23 06:14:36', 1),
(85, 17, './productImages/17/ProductPicture (4).jfif', 4, '2025-02-23 06:14:36', 1),
(86, 18, './productImages/18/ProductPicture.jfif', 0, '2025-02-23 06:17:16', 1),
(87, 18, './productImages/18/ProductPicture (1).jfif', 1, '2025-02-23 06:17:16', 1),
(88, 18, './productImages/18/ProductPicture (2).jfif', 2, '2025-02-23 06:17:16', 1),
(89, 18, './productImages/18/ProductPicture (3).jfif', 3, '2025-02-23 06:17:16', 1),
(90, 18, './productImages/18/ProductPicture (4).jfif', 4, '2025-02-23 06:17:16', 1),
(91, 19, './productImages/19/ProductPicture.jfif', 0, '2025-02-23 06:24:36', 1),
(92, 19, './productImages/19/ProductPicture (1).jfif', 1, '2025-02-23 06:24:36', 1),
(93, 19, './productImages/19/ProductPicture (2).jfif', 2, '2025-02-23 06:24:36', 1),
(94, 20, './productImages/20/ProductPicture.jfif', 0, '2025-02-23 06:26:58', 1),
(95, 20, './productImages/20/ProductPicture (1).jfif', 1, '2025-02-23 06:26:58', 1),
(96, 20, './productImages/20/ProductPicture (2).jfif', 2, '2025-02-23 06:26:58', 1),
(97, 21, './productImages/21/ProductPicture.jfif', 0, '2025-02-23 06:28:32', 1),
(98, 21, './productImages/21/ProductPicture (1).jfif', 1, '2025-02-23 06:28:32', 1),
(99, 21, './productImages/21/ProductPicture (2).jfif', 2, '2025-02-23 06:28:32', 1),
(100, 22, './productImages/22/ProductPicture.jfif', 0, '2025-02-23 06:29:54', 1),
(101, 22, './productImages/22/ProductPicture (1).jfif', 1, '2025-02-23 06:29:54', 1),
(102, 22, './productImages/22/ProductPicture (2).jfif', 2, '2025-02-23 06:29:54', 1),
(103, 23, './productImages/23/ProductPicture.jfif', 0, '2025-02-23 06:31:46', 1),
(104, 24, './productImages/24/ProductPicture.jfif', 0, '2025-02-23 06:33:36', 1),
(105, 25, './productImages/25/ProductPicture.jfif', 0, '2025-02-23 06:35:05', 1),
(106, 25, './productImages/25/ProductPicture (1).jfif', 1, '2025-02-23 06:35:05', 1),
(107, 25, './productImages/25/ProductPicture (2).jfif', 2, '2025-02-23 06:35:05', 1),
(108, 26, './productImages/26/ProductPicture.jfif', 0, '2025-02-23 06:37:25', 1),
(109, 26, './productImages/26/ProductPicture (1).jfif', 1, '2025-02-23 06:35:05', 1),
(110, 26, './productImages/26/ProductPicture (2).jfif', 2, '2025-02-23 06:37:25', 1),
(111, 27, './productImages/27/ProductPicture.jfif', 0, '2025-02-23 06:38:52', 1),
(112, 27, './productImages/27/ProductPicture (1).jfif', 1, '2025-02-23 06:38:52', 1),
(113, 27, './productImages/27/ProductPicture (2).jfif', 2, '2025-02-23 06:38:52', 1),
(114, 28, './productImages/28/ProductPicture.jfif', 0, '2025-02-23 06:44:22', 1),
(115, 28, './productImages/28/ProductPicture (1).jfif', 1, '2025-02-23 06:44:22', 1),
(116, 28, './productImages/28/ProductPicture (2).jfif', 2, '2025-02-23 06:44:22', 1),
(117, 28, './productImages/28/ProductPicture (3).jfif', 3, '2025-02-23 06:44:22', 1),
(118, 28, './productImages/28/ProductPicture (4).jfif', 4, '2025-02-23 06:44:22', 1),
(119, 29, './productImages/29/ProductPicture.jfif', 0, '2025-02-23 06:52:08', 1),
(120, 29, './productImages/29/ProductPicture (1).jfif', 1, '2025-02-23 06:52:08', 1),
(121, 29, './productImages/29/ProductPicture (2).jfif', 2, '2025-02-23 06:52:08', 1),
(122, 29, './productImages/29/ProductPicture (3).jfif', 3, '2025-02-23 06:52:08', 1),
(123, 29, './productImages/29/ProductPicture (4).jfif', 4, '2025-02-23 06:52:08', 1),
(124, 30, './productImages/30/ProductPicture.jfif', 0, '2025-02-23 06:55:49', 1),
(125, 30, './productImages/30/ProductPicture (1).jfif', 1, '2025-02-23 06:55:49', 1),
(126, 30, './productImages/30/ProductPicture (2).jfif', 2, '2025-02-23 06:55:49', 1),
(127, 30, './productImages/30/ProductPicture (3).jfif', 3, '2025-02-23 06:55:49', 1),
(128, 30, './productImages/30/ProductPicture (4).jfif', 4, '2025-02-23 06:55:49', 1),
(129, 31, './productImages/31/ProductPicture.jfif', 0, '2025-02-23 06:59:37', 1),
(130, 31, './productImages/31/ProductPicture (1).jfif', 1, '2025-02-23 06:59:37', 1),
(131, 31, './productImages/31/ProductPicture (2).jfif', 2, '2025-02-23 06:59:37', 1),
(132, 31, './productImages/31/ProductPicture (3).jfif', 3, '2025-02-23 06:59:37', 1),
(133, 31, './productImages/31/ProductPicture (4).jfif', 4, '2025-02-23 06:59:37', 1),
(134, 32, './productImages/32/ProductPicture.jfif', 0, '2025-02-23 07:03:10', 1),
(135, 32, './productImages/32/ProductPicture (1).jfif', 1, '2025-02-23 07:03:10', 1),
(136, 32, './productImages/32/ProductPicture (2).jfif', 2, '2025-02-23 07:03:10', 1),
(137, 32, './productImages/32/ProductPicture (3).jfif', 3, '2025-02-23 07:03:10', 1),
(138, 32, './productImages/32/ProductPicture (4).jfif', 4, '2025-02-23 07:03:10', 1),
(139, 33, './productImages/33/ProductPicture.jfif', 0, '2025-02-23 07:09:43', 1),
(140, 33, './productImages/33/ProductPicture (1).jfif', 1, '2025-02-23 07:09:43', 1),
(141, 33, './productImages/33/ProductPicture (2).jfif', 2, '2025-02-23 07:09:43', 1),
(142, 33, './productImages/33/ProductPicture (3).jfif', 3, '2025-02-23 07:09:43', 1),
(143, 33, './productImages/33/ProductPicture (4).jfif', 4, '2025-02-23 07:09:43', 1),
(144, 34, './productImages/34/ProductPicture.jfif', 0, '2025-02-23 07:13:06', 1),
(145, 34, './productImages/34/ProductPicture (1).jfif', 1, '2025-02-23 07:13:06', 1),
(146, 34, './productImages/34/ProductPicture (2).jfif', 2, '2025-02-23 07:13:06', 1),
(147, 34, './productImages/34/ProductPicture (3).jfif', 3, '2025-02-23 07:13:06', 1),
(148, 34, './productImages/34/ProductPicture (4).jfif', 4, '2025-02-23 07:13:06', 1),
(149, 35, './productImages/35/ProductPicture.jfif', 0, '2025-02-23 07:16:38', 1),
(150, 35, './productImages/35/ProductPicture (1).jfif', 1, '2025-02-23 07:16:38', 1),
(151, 35, './productImages/35/ProductPicture (2).jfif', 2, '2025-02-23 07:16:38', 1),
(152, 35, './productImages/35/ProductPicture (3).jfif', 3, '2025-02-23 07:16:38', 1),
(153, 35, './productImages/35/ProductPicture (4).jfif', 4, '2025-02-23 07:16:38', 1),
(154, 36, './productImages/36/ProductPicture.jfif', 0, '2025-02-23 07:19:20', 1),
(155, 36, './productImages/36/ProductPicture (1).jfif', 1, '2025-02-23 07:19:20', 1),
(156, 36, './productImages/36/ProductPicture (2).jfif', 2, '2025-02-23 07:19:20', 1),
(157, 36, './productImages/36/ProductPicture (3).jfif', 3, '2025-02-23 07:19:20', 1),
(158, 36, './productImages/36/ProductPicture (4).jfif', 4, '2025-02-23 07:19:20', 1),
(159, 37, './productImages/37/ProductPicture.jfif', 0, '2025-02-23 07:23:20', 1),
(160, 37, './productImages/37/ProductPicture (1).jfif', 1, '2025-02-23 07:23:20', 1),
(161, 37, './productImages/37/ProductPicture (2).jfif', 2, '2025-02-23 07:19:20', 1),
(162, 37, './productImages/37/ProductPicture (3).jfif', 3, '2025-02-23 07:23:20', 1),
(163, 37, './productImages/37/ProductPicture (4).jfif', 4, '2025-02-23 07:23:20', 1),
(164, 38, './productImages/38/ProductPicture.jfif', 0, '2025-02-23 07:47:09', 1),
(165, 38, './productImages/38/ProductPicture (1).jfif', 1, '2025-02-23 07:47:09', 1),
(166, 38, './productImages/38/ProductPicture (2).jfif', 2, '2025-02-23 07:47:09', 1),
(167, 38, './productImages/38/ProductPicture (3).jfif', 3, '2025-02-23 07:47:09', 1),
(168, 38, './productImages/38/ProductPicture (4).jfif', 4, '2025-02-23 07:47:09', 1),
(169, 39, './productImages/39/ProductPicture.jfif', 0, '2025-02-23 07:50:59', 1),
(170, 39, './productImages/39/ProductPicture (1).jfif', 1, '2025-02-23 07:50:59', 1),
(171, 39, './productImages/39/ProductPicture (2).jfif', 2, '2025-02-23 07:50:59', 1),
(172, 39, './productImages/39/ProductPicture (3).jfif', 3, '2025-02-23 07:50:59', 1),
(173, 39, './productImages/39/ProductPicture (4).jfif', 4, '2025-02-23 07:50:59', 1),
(174, 40, './productImages/40/ProductPicture.jfif', 0, '2025-02-23 07:57:21', 1),
(175, 40, './productImages/40/ProductPicture (1).jfif', 1, '2025-02-23 07:57:21', 1),
(176, 40, './productImages/40/ProductPicture (2).jfif', 2, '2025-02-23 07:57:21', 1),
(177, 40, './productImages/40/ProductPicture (3).jfif', 3, '2025-02-23 07:57:21', 1),
(178, 40, './productImages/40/ProductPicture (4).jfif', 4, '2025-02-23 07:57:21', 1),
(179, 41, './productImages/41/ProductPicture.jfif', 0, '2025-02-23 08:01:08', 1),
(180, 41, './productImages/41/ProductPicture (1).jfif', 1, '2025-02-23 08:01:08', 1),
(181, 41, './productImages/41/ProductPicture (2).jfif', 2, '2025-02-23 08:01:08', 1),
(182, 41, './productImages/41/ProductPicture (3).jfif', 3, '2025-02-23 08:01:08', 1),
(183, 41, './productImages/41/ProductPicture (4).jfif', 4, '2025-02-23 08:01:08', 1),
(184, 42, './productImages/42/ProductPicture.jfif', 0, '2025-02-23 08:05:10', 1),
(185, 42, './productImages/42/ProductPicture (1).jfif', 1, '2025-02-23 08:05:10', 1),
(186, 42, './productImages/42/ProductPicture (2).jfif', 2, '2025-02-23 08:05:10', 1),
(187, 42, './productImages/42/ProductPicture (3).jfif', 3, '2025-02-23 08:05:10', 1),
(188, 42, './productImages/42/ProductPicture (4).jfif', 4, '2025-02-23 08:05:10', 1),
(189, 43, './productImages/43/ProductPicture.jfif', 0, '2025-02-23 08:09:10', 1),
(190, 43, './productImages/43/ProductPicture (1).jfif', 1, '2025-02-23 08:09:10', 1),
(191, 43, './productImages/43/ProductPicture (2).jfif', 2, '2025-02-23 08:09:10', 1),
(192, 43, './productImages/43/ProductPicture (3).jfif', 3, '2025-02-23 08:09:10', 1),
(193, 43, './productImages/43/ProductPicture (4).jfif', 4, '2025-02-23 08:09:10', 1),
(194, 44, './productImages/44/ProductPicture.jfif', 0, '2025-02-23 11:40:31', 1),
(195, 44, './productImages/44/ProductPicture (1).jfif', 1, '2025-02-23 11:40:31', 1),
(196, 44, './productImages/44/ProductPicture (2).jfif', 2, '2025-02-23 11:40:31', 1),
(197, 44, './productImages/44/ProductPicture (3).jfif', 3, '2025-02-23 11:40:31', 1),
(198, 44, './productImages/44/ProductPicture (4).jfif', 4, '2025-02-23 11:40:31', 1),
(199, 45, './productImages/45/ProductPicture.jfif', 0, '2025-02-23 11:46:46', 1),
(200, 45, './productImages/45/ProductPicture (1).jfif', 1, '2025-02-23 11:46:46', 1),
(201, 45, './productImages/45/ProductPicture (2).jfif', 2, '2025-02-23 11:46:46', 1),
(202, 45, './productImages/45/ProductPicture (3).jfif', 3, '2025-02-23 11:46:46', 1),
(203, 45, './productImages/45/ProductPicture (4).jfif', 4, '2025-02-23 11:46:46', 1),
(204, 46, './productImages/46/ProductPicture.jfif', 0, '2025-02-23 11:50:11', 1),
(205, 46, './productImages/46/ProductPicture (1).jfif', 1, '2025-02-23 11:50:11', 1),
(206, 46, './productImages/46/ProductPicture (2).jfif', 2, '2025-02-23 11:50:11', 1),
(207, 46, './productImages/46/ProductPicture (3).jfif', 3, '2025-02-23 11:50:11', 1),
(208, 46, './productImages/46/ProductPicture (4).jfif', 4, '2025-02-23 11:50:11', 1),
(209, 47, './productImages/47/ProductPicture.jfif', 0, '2025-02-23 11:54:11', 1),
(210, 47, './productImages/47/ProductPicture (1).jfif', 1, '2025-02-23 11:54:11', 1),
(211, 1, './productImages/1/67bd6cf3657e4.png', 5, '2025-02-25 07:10:43', 1),
(212, 1, './productImages/1/67bd6cf366114.png', 6, '2025-02-25 07:10:43', 1),
(213, 1, './productImages/1/67bd6cf366d5f.png', 7, '2025-02-25 07:10:43', 1),
(214, 1, './productImages/1/67bd6cf3675d5.png', 8, '2025-02-25 07:10:43', 1),
(222, 48, './productImages/48/67bd9ab27f206.jfif', 0, '2025-02-25 10:25:54', 1),
(223, 48, './productImages/48/67bd9ab27f49d.jfif', 1, '2025-02-25 10:25:54', 1),
(224, 50, './productImages/50/67beae356d1a9.webp', 1, '2025-02-26 06:01:25', 1),
(225, 50, './productImages/50/67beae356d4e6.webp', 0, '2025-02-26 06:01:25', 1),
(226, 51, './productImages/51/67bff92994878.jfif', 0, '2025-02-27 05:33:29', 1),
(227, 51, './productImages/51/67bff92994b68.jfif', 1, '2025-02-27 05:33:29', 1),
(228, 51, './productImages/51/67bff92994d96.jfif', 2, '2025-02-27 05:33:29', 1),
(229, 51, './productImages/51/67bff9299505a.jfif', 3, '2025-02-27 05:33:29', 1),
(230, 51, './productImages/51/67bff929952ab.jfif', 4, '2025-02-27 05:33:29', 1),
(231, 52, './productImages/52/67c2c6f67dad8.png', 0, '2025-03-01 08:36:06', 1);

-- --------------------------------------------------------

--
-- 資料表結構 `product_specs`
--

CREATE TABLE `product_specs` (
  `id` int(11) NOT NULL,
  `product_id` int(11) NOT NULL,
  `specName` varchar(50) NOT NULL,
  `specValue` varchar(50) NOT NULL,
  `createdAt` timestamp NOT NULL DEFAULT current_timestamp(),
  `sortOrder` int(11) DEFAULT 0,
  `valid` tinyint(4) NOT NULL DEFAULT 1
) ENGINE=InnoDB DEFAULT CHARSET=utf8mb4 COLLATE=utf8mb4_unicode_ci;

--
-- 傾印資料表的資料 `product_specs`
--

INSERT INTO `product_specs` (`id`, `product_id`, `specName`, `specValue`, `createdAt`, `sortOrder`, `valid`) VALUES
(2, 1, '尺寸', 'S', '2025-02-21 02:51:23', 1, 1),
(3, 1, '尺寸', 'M', '2025-02-21 02:51:23', 2, 1),
(4, 1, '尺寸', 'L', '2025-02-21 02:51:23', 3, 1),
(5, 1, '尺寸', 'XL', '2025-02-21 02:51:23', 4, 1),
(6, 1, '尺寸', 'XXL', '2025-02-21 02:51:23', 5, 1),
(7, 2, '尺寸', 'XS', '2025-02-21 02:51:23', 0, 1),
(8, 2, '尺寸', 'S', '2025-02-21 02:51:23', 1, 1),
(9, 2, '尺寸', 'M', '2025-02-21 02:51:23', 2, 1),
(10, 2, '尺寸', 'L', '2025-02-21 02:51:23', 3, 1),
(11, 2, '尺寸', 'XL', '2025-02-21 02:51:23', 4, 1),
(12, 2, '尺寸', 'XXL', '2025-02-21 02:51:23', 5, 1),
(13, 3, '尺寸', 'XS', '2025-02-21 02:51:23', 0, 1),
(14, 3, '尺寸', 'S', '2025-02-21 02:51:23', 1, 1),
(15, 3, '尺寸', 'M', '2025-02-21 02:51:23', 2, 1),
(16, 3, '尺寸', 'L', '2025-02-21 02:51:23', 3, 1),
(17, 3, '尺寸', 'XL', '2025-02-21 02:51:23', 4, 1),
(18, 3, '尺寸', 'XXL', '2025-02-21 02:51:23', 5, 1),
(19, 4, '尺寸', 'XS', '2025-02-23 05:17:26', 0, 1),
(20, 4, '尺寸', 'S', '2025-02-23 05:17:26', 1, 1),
(21, 4, '尺寸', 'M', '2025-02-23 05:17:26', 2, 1),
(22, 4, '尺寸', 'L', '2025-02-23 05:17:26', 3, 1),
(23, 4, '尺寸', 'XL', '2025-02-23 05:17:26', 4, 1),
(24, 4, '尺寸', 'XXL', '2025-02-23 05:17:26', 5, 1),
(25, 5, '尺寸', 'XS', '2025-02-23 05:28:31', 0, 1),
(26, 5, '尺寸', 'S', '2025-02-23 05:28:31', 1, 1),
(27, 5, '尺寸', 'M', '2025-02-23 05:28:31', 2, 1),
(28, 5, '尺寸', 'L', '2025-02-23 05:28:31', 3, 1),
(29, 5, '尺寸', 'XL', '2025-02-23 05:28:31', 4, 1),
(30, 5, '尺寸', 'XXL', '2025-02-23 05:28:31', 5, 1),
(31, 6, '尺寸', 'XS', '2025-02-23 05:29:05', 0, 1),
(32, 6, '尺寸', 'S', '2025-02-23 05:29:05', 1, 1),
(33, 6, '尺寸', 'M', '2025-02-23 05:29:05', 2, 1),
(34, 6, '尺寸', 'L', '2025-02-23 05:29:05', 3, 1),
(35, 6, '尺寸', 'XL', '2025-02-23 05:29:05', 4, 1),
(36, 6, '尺寸', 'XXL', '2025-02-23 05:29:05', 5, 1),
(37, 7, '尺寸', 'XS', '2025-02-23 05:34:39', 0, 1),
(38, 7, '尺寸', 'S', '2025-02-23 05:34:39', 1, 1),
(39, 7, '尺寸', 'M', '2025-02-23 05:34:39', 2, 1),
(40, 7, '尺寸', 'L', '2025-02-23 05:34:39', 3, 1),
(41, 7, '尺寸', 'XL', '2025-02-23 05:34:39', 4, 1),
(42, 7, '尺寸', 'XXL', '2025-02-23 05:34:39', 5, 1),
(43, 8, '尺寸', 'XS', '2025-02-23 05:37:30', 0, 1),
(44, 8, '尺寸', 'S', '2025-02-23 05:37:30', 1, 1),
(45, 8, '尺寸', 'M', '2025-02-23 05:37:30', 2, 1),
(46, 8, '尺寸', 'L', '2025-02-23 05:37:30', 3, 1),
(47, 8, '尺寸', 'XL', '2025-02-23 05:37:30', 4, 1),
(48, 8, '尺寸', 'XXL', '2025-02-23 05:37:30', 5, 1),
(49, 9, '尺寸', 'XS', '2025-02-23 05:40:57', 0, 1),
(50, 9, '尺寸', 'S', '2025-02-23 05:40:57', 1, 1),
(51, 9, '尺寸', 'M', '2025-02-23 05:40:57', 2, 1),
(52, 9, '尺寸', 'L', '2025-02-23 05:40:57', 3, 1),
(53, 9, '尺寸', 'XL', '2025-02-23 05:40:57', 4, 1),
(54, 9, '尺寸', 'XXL', '2025-02-23 05:40:57', 5, 1),
(55, 10, '尺寸', 'XS', '2025-02-23 05:47:22', 0, 1),
(56, 10, '尺寸', 'S', '2025-02-23 05:47:22', 1, 1),
(57, 10, '尺寸', 'M', '2025-02-23 05:47:22', 2, 1),
(58, 10, '尺寸', 'L', '2025-02-23 05:47:22', 3, 1),
(59, 10, '尺寸', 'XL', '2025-02-23 05:47:22', 4, 1),
(60, 10, '尺寸', 'XXL', '2025-02-23 05:47:22', 5, 1),
(61, 11, '尺寸', 'XS', '2025-02-23 05:49:24', 0, 1),
(62, 11, '尺寸', 'S', '2025-02-23 05:49:24', 1, 1),
(63, 11, '尺寸', 'M', '2025-02-23 05:49:24', 2, 1),
(64, 11, '尺寸', 'L', '2025-02-23 05:49:24', 3, 1),
(65, 11, '尺寸', 'XL', '2025-02-23 05:49:24', 4, 1),
(66, 11, '尺寸', 'XXL', '2025-02-23 05:49:24', 5, 1),
(67, 12, '尺寸', 'XS', '2025-02-23 05:59:49', 0, 1),
(68, 12, '尺寸', 'S', '2025-02-23 05:59:49', 1, 1),
(69, 12, '尺寸', 'M', '2025-02-23 05:59:49', 2, 1),
(70, 12, '尺寸', 'L', '2025-02-23 05:59:49', 3, 1),
(71, 12, '尺寸', 'XL', '2025-02-23 05:59:49', 4, 1),
(72, 12, '尺寸', 'XXL', '2025-02-23 05:59:49', 5, 1),
(73, 13, '尺寸', 'XS', '2025-02-23 06:04:52', 0, 1),
(74, 13, '尺寸', 'S', '2025-02-23 06:04:52', 1, 1),
(75, 13, '尺寸', 'M', '2025-02-23 06:04:52', 2, 1),
(76, 13, '尺寸', 'L', '2025-02-23 06:04:52', 3, 1),
(77, 13, '尺寸', 'XL', '2025-02-23 06:04:52', 4, 1),
(78, 13, '尺寸', 'XXL', '2025-02-23 06:04:52', 5, 1),
(79, 14, '尺寸', 'XS', '2025-02-23 06:07:20', 0, 1),
(80, 14, '尺寸', 'S', '2025-02-23 06:07:20', 1, 1),
(81, 14, '尺寸', 'M', '2025-02-23 06:07:20', 2, 1),
(82, 14, '尺寸', 'L', '2025-02-23 06:07:20', 3, 1),
(83, 14, '尺寸', 'XL', '2025-02-23 06:07:20', 4, 1),
(84, 14, '尺寸', 'XXL', '2025-02-23 06:07:20', 5, 1),
(85, 15, '尺寸', 'XS', '2025-02-23 06:09:44', 0, 1),
(86, 15, '尺寸', 'S', '2025-02-23 06:09:44', 1, 1),
(87, 15, '尺寸', 'M', '2025-02-23 06:09:44', 2, 1),
(88, 15, '尺寸', 'L', '2025-02-23 06:09:44', 3, 1),
(89, 15, '尺寸', 'XL', '2025-02-23 06:09:44', 4, 1),
(90, 15, '尺寸', 'XXL', '2025-02-23 06:09:44', 5, 1),
(91, 16, '尺寸', 'XS', '2025-02-23 06:12:42', 0, 1),
(92, 16, '尺寸', 'S', '2025-02-23 06:12:42', 1, 1),
(93, 16, '尺寸', 'M', '2025-02-23 06:12:42', 2, 1),
(94, 16, '尺寸', 'L', '2025-02-23 06:12:42', 3, 1),
(95, 16, '尺寸', 'XL', '2025-02-23 06:12:42', 4, 1),
(96, 16, '尺寸', 'XXL', '2025-02-23 06:12:42', 5, 1),
(97, 17, '尺寸', 'XS', '2025-02-23 06:15:10', 0, 1),
(98, 17, '尺寸', 'S', '2025-02-23 06:15:10', 1, 1),
(99, 17, '尺寸', 'M', '2025-02-23 06:15:10', 2, 1),
(100, 17, '尺寸', 'L', '2025-02-23 06:15:10', 3, 1),
(101, 17, '尺寸', 'XL', '2025-02-23 06:15:10', 4, 1),
(102, 17, '尺寸', 'XXL', '2025-02-23 06:15:10', 5, 1),
(103, 18, '尺寸', 'XS', '2025-02-23 06:17:55', 0, 1),
(104, 18, '尺寸', 'S', '2025-02-23 06:17:55', 1, 1),
(105, 18, '尺寸', 'M', '2025-02-23 06:17:55', 2, 1),
(106, 18, '尺寸', 'L', '2025-02-23 06:17:55', 3, 1),
(107, 18, '尺寸', 'XL', '2025-02-23 06:17:55', 4, 1),
(108, 18, '尺寸', 'XXL', '2025-02-23 06:17:55', 5, 1),
(109, 28, '尺寸', '7', '2025-02-23 06:49:27', 0, 1),
(110, 28, '尺寸', '7.5', '2025-02-23 06:49:27', 1, 1),
(111, 28, '尺寸', '8', '2025-02-23 06:49:27', 2, 1),
(112, 28, '尺寸', '8.5', '2025-02-23 06:49:27', 3, 1),
(113, 28, '尺寸', '9', '2025-02-23 06:49:27', 4, 1),
(114, 28, '尺寸', '9.5', '2025-02-23 06:49:27', 5, 1),
(115, 28, '尺寸', '10', '2025-02-23 06:49:27', 6, 1),
(116, 28, '尺寸', '10.5', '2025-02-23 06:49:27', 7, 1),
(117, 28, '尺寸', '11', '2025-02-23 06:49:27', 8, 1),
(118, 28, '尺寸', '11.5', '2025-02-23 06:49:27', 9, 1),
(119, 28, '尺寸', '12', '2025-02-23 06:49:27', 10, 1),
(120, 28, '尺寸', '13', '2025-02-23 06:49:27', 11, 1),
(121, 29, '尺寸', '7', '2025-02-23 06:53:06', 0, 1),
(122, 29, '尺寸', '7.5', '2025-02-23 06:53:06', 1, 1),
(123, 29, '尺寸', '8', '2025-02-23 06:53:06', 2, 1),
(124, 29, '尺寸', '8.5', '2025-02-23 06:53:06', 3, 1),
(125, 29, '尺寸', '9', '2025-02-23 06:53:06', 4, 1),
(126, 29, '尺寸', '9.5', '2025-02-23 06:53:06', 5, 1),
(127, 29, '尺寸', '10', '2025-02-23 06:53:06', 6, 1),
(128, 29, '尺寸', '10.5', '2025-02-23 06:53:06', 7, 1),
(129, 29, '尺寸', '11', '2025-02-23 06:53:06', 8, 1),
(130, 29, '尺寸', '11.5', '2025-02-23 06:53:06', 9, 1),
(131, 29, '尺寸', '12', '2025-02-23 06:53:06', 10, 1),
(132, 29, '尺寸', '13', '2025-02-23 06:53:06', 11, 1),
(133, 30, '尺寸', '7', '2025-02-23 06:56:52', 0, 1),
(134, 30, '尺寸', '7.5', '2025-02-23 06:56:52', 1, 1),
(135, 30, '尺寸', '8', '2025-02-23 06:56:52', 2, 1),
(136, 30, '尺寸', '8.5', '2025-02-23 06:56:52', 3, 1),
(137, 30, '尺寸', '9', '2025-02-23 06:56:52', 4, 1),
(138, 30, '尺寸', '9.5', '2025-02-23 06:56:52', 5, 1),
(139, 30, '尺寸', '10', '2025-02-23 06:56:52', 6, 1),
(140, 30, '尺寸', '10.5', '2025-02-23 06:56:52', 7, 1),
(141, 30, '尺寸', '11', '2025-02-23 06:56:52', 8, 1),
(142, 30, '尺寸', '11.5', '2025-02-23 06:56:52', 9, 1),
(143, 30, '尺寸', '12', '2025-02-23 06:56:52', 10, 1),
(144, 30, '尺寸', '13', '2025-02-23 06:56:52', 11, 1),
(145, 31, '尺寸', '7', '2025-02-23 07:00:43', 0, 1),
(146, 31, '尺寸', '7.5', '2025-02-23 07:00:43', 1, 1),
(147, 31, '尺寸', '8', '2025-02-23 07:00:43', 2, 1),
(148, 31, '尺寸', '8.5', '2025-02-23 07:00:43', 3, 1),
(149, 31, '尺寸', '9', '2025-02-23 07:00:43', 4, 1),
(150, 31, '尺寸', '9.5', '2025-02-23 07:00:43', 5, 1),
(151, 31, '尺寸', '10', '2025-02-23 07:00:43', 6, 1),
(152, 31, '尺寸', '10.5', '2025-02-23 07:00:43', 7, 1),
(153, 31, '尺寸', '11', '2025-02-23 07:00:43', 8, 1),
(154, 31, '尺寸', '11.5', '2025-02-23 07:00:43', 9, 1),
(155, 31, '尺寸', '12', '2025-02-23 07:00:43', 10, 1),
(156, 31, '尺寸', '13', '2025-02-23 07:00:43', 11, 1),
(157, 32, '尺寸', '7', '2025-02-23 07:04:17', 0, 1),
(158, 32, '尺寸', '7.5', '2025-02-23 07:04:17', 1, 1),
(159, 32, '尺寸', '8', '2025-02-23 07:04:17', 2, 1),
(160, 32, '尺寸', '8.5', '2025-02-23 07:04:17', 3, 1),
(161, 32, '尺寸', '9', '2025-02-23 07:04:17', 4, 1),
(162, 32, '尺寸', '9.5', '2025-02-23 07:04:17', 5, 1),
(163, 32, '尺寸', '10', '2025-02-23 07:04:17', 6, 1),
(164, 32, '尺寸', '10.5', '2025-02-23 07:04:17', 7, 1),
(165, 32, '尺寸', '11', '2025-02-23 07:04:17', 8, 1),
(166, 32, '尺寸', '11.5', '2025-02-23 07:04:17', 9, 1),
(167, 32, '尺寸', '12', '2025-02-23 07:04:17', 10, 1),
(168, 32, '尺寸', '13', '2025-02-23 07:04:17', 11, 1),
(169, 33, '尺寸', '5', '2025-02-23 07:11:21', 0, 1),
(170, 33, '尺寸', '6', '2025-02-23 07:11:21', 1, 1),
(171, 33, '尺寸', '6.5', '2025-02-23 07:11:21', 2, 1),
(172, 33, '尺寸', '7', '2025-02-23 07:11:21', 3, 1),
(173, 33, '尺寸', '7.5', '2025-02-23 07:11:21', 4, 1),
(174, 33, '尺寸', '8', '2025-02-23 07:11:21', 5, 1),
(175, 33, '尺寸', '8.5', '2025-02-23 07:11:21', 6, 1),
(176, 33, '尺寸', '9', '2025-02-23 07:11:21', 7, 1),
(177, 34, '尺寸', '5', '2025-02-23 07:13:56', 0, 1),
(178, 34, '尺寸', '6', '2025-02-23 07:13:56', 1, 1),
(179, 34, '尺寸', '6.5', '2025-02-23 07:13:56', 2, 1),
(180, 34, '尺寸', '7', '2025-02-23 07:13:56', 3, 1),
(181, 34, '尺寸', '7.5', '2025-02-23 07:13:56', 4, 1),
(182, 34, '尺寸', '8', '2025-02-23 07:13:56', 5, 1),
(183, 34, '尺寸', '8.5', '2025-02-23 07:13:56', 6, 1),
(184, 34, '尺寸', '9', '2025-02-23 07:13:56', 7, 1),
(185, 35, '尺寸', '5', '2025-02-23 07:17:23', 0, 1),
(186, 35, '尺寸', '6', '2025-02-23 07:17:23', 1, 1),
(187, 35, '尺寸', '6.5', '2025-02-23 07:17:23', 2, 1),
(188, 35, '尺寸', '7', '2025-02-23 07:17:23', 3, 1),
(189, 35, '尺寸', '7.5', '2025-02-23 07:17:23', 4, 1),
(190, 35, '尺寸', '8', '2025-02-23 07:17:23', 5, 1),
(191, 35, '尺寸', '8.5', '2025-02-23 07:17:23', 6, 1),
(192, 35, '尺寸', '9', '2025-02-23 07:17:23', 7, 1),
(193, 36, '尺寸', '5', '2025-02-23 07:20:24', 0, 1),
(194, 36, '尺寸', '6', '2025-02-23 07:20:24', 1, 1),
(195, 36, '尺寸', '6.5', '2025-02-23 07:20:24', 2, 1),
(196, 36, '尺寸', '7', '2025-02-23 07:20:24', 3, 1),
(197, 36, '尺寸', '7.5', '2025-02-23 07:20:24', 4, 1),
(198, 36, '尺寸', '8', '2025-02-23 07:20:24', 5, 1),
(199, 36, '尺寸', '8.5', '2025-02-23 07:20:24', 6, 1),
(200, 36, '尺寸', '9', '2025-02-23 07:20:24', 7, 1),
(201, 37, '尺寸', '5', '2025-02-23 07:24:47', 0, 1),
(202, 37, '尺寸', '6', '2025-02-23 07:24:47', 1, 1),
(203, 37, '尺寸', '6.5', '2025-02-23 07:24:47', 2, 1),
(204, 37, '尺寸', '7', '2025-02-23 07:24:47', 3, 1),
(205, 37, '尺寸', '7.5', '2025-02-23 07:24:47', 4, 1),
(206, 37, '尺寸', '8', '2025-02-23 07:24:47', 5, 1),
(207, 37, '尺寸', '8.5', '2025-02-23 07:24:47', 6, 1),
(208, 38, '尺寸', '152', '2025-02-23 07:48:51', 0, 1),
(209, 38, '尺寸', '155', '2025-02-23 07:48:51', 1, 1),
(210, 38, '尺寸', '155W', '2025-02-23 07:48:51', 2, 1),
(211, 38, '尺寸', '157', '2025-02-23 07:48:51', 3, 1),
(212, 38, '尺寸', '157W', '2025-02-23 07:48:51', 4, 1),
(213, 38, '尺寸', '159', '2025-02-23 07:48:51', 5, 1),
(214, 38, '尺寸', '159W', '2025-02-23 07:48:51', 6, 1),
(215, 39, '尺寸', '150', '2025-02-23 07:52:50', 0, 1),
(216, 39, '尺寸', '154', '2025-02-23 07:52:50', 1, 1),
(217, 39, '尺寸', '156', '2025-02-23 07:52:50', 2, 1),
(218, 39, '尺寸', '158', '2025-02-23 07:52:50', 3, 1),
(219, 39, '尺寸', '158W', '2025-02-23 07:52:50', 4, 1),
(220, 40, '尺寸', '154', '2025-02-23 07:58:13', 0, 1),
(221, 40, '尺寸', '157W', '2025-02-23 07:58:13', 1, 1),
(222, 40, '尺寸', '160', '2025-02-23 07:58:13', 2, 1),
(223, 40, '尺寸', '160W', '2025-02-23 07:58:13', 3, 1),
(224, 41, '尺寸', '145', '2025-02-23 08:02:06', 0, 1),
(225, 41, '尺寸', '150', '2025-02-23 08:02:06', 1, 1),
(226, 41, '尺寸', '154', '2025-02-23 08:02:06', 2, 1),
(227, 41, '尺寸', '156W', '2025-02-23 08:02:06', 3, 1),
(228, 41, '尺寸', '157', '2025-02-23 08:02:06', 4, 1),
(229, 42, '尺寸', '146', '2025-02-23 08:06:24', 0, 1),
(230, 42, '尺寸', '151', '2025-02-23 08:06:24', 1, 1),
(231, 42, '尺寸', '156', '2025-02-23 08:06:24', 2, 1),
(232, 42, '尺寸', '161', '2025-02-23 08:06:24', 3, 1),
(233, 43, '尺寸', '135', '2025-02-23 08:10:31', 0, 1),
(234, 43, '尺寸', '145', '2025-02-23 08:10:31', 1, 1),
(235, 43, '尺寸', '148', '2025-02-23 08:10:31', 2, 1),
(236, 43, '尺寸', '152', '2025-02-23 08:10:31', 3, 1),
(237, 43, '尺寸', '155', '2025-02-23 08:10:31', 4, 1),
(238, 43, '尺寸', '155W', '2025-02-23 08:10:31', 5, 1),
(239, 43, '尺寸', '159W', '2025-02-23 08:10:31', 6, 1),
(240, 44, '尺寸', '138', '2025-02-23 11:41:21', 0, 1),
(241, 44, '尺寸', '142', '2025-02-23 11:41:21', 1, 1),
(242, 44, '尺寸', '147', '2025-02-23 11:41:21', 2, 1),
(243, 45, '尺寸', '142', '2025-02-23 11:41:21', 0, 1),
(244, 45, '尺寸', '146', '2025-02-23 11:47:26', 1, 1),
(245, 45, '尺寸', '149', '2025-02-23 11:47:26', 2, 1),
(246, 46, '尺寸', '140', '2025-02-23 11:50:57', 0, 1),
(247, 46, '尺寸', '144', '2025-02-23 11:50:57', 1, 1),
(248, 46, '尺寸', '148', '2025-02-23 11:50:57', 2, 1),
(249, 47, '尺寸', '142', '2025-02-23 11:54:51', 0, 1),
(250, 47, '尺寸', '149', '2025-02-23 11:54:51', 1, 1),
(251, 47, '尺寸', '156', '2025-02-23 11:54:51', 2, 1),
(252, 1, '尺寸', 'XS', '2025-02-25 08:07:56', 0, 1),
(255, 48, '尺寸', '142', '2025-02-25 10:25:54', 0, 1),
(256, 48, '尺寸', '156', '2025-02-25 10:25:54', 1, 1),
(257, 48, '尺寸', '163', '2025-02-25 10:25:54', 2, 1),
(258, 50, '尺寸', '163', '2025-02-26 06:01:25', 0, 1),
(259, 50, '尺寸', '170', '2025-02-26 06:01:25', 1, 1),
(260, 50, '尺寸', '177', '2025-02-26 06:01:25', 2, 1),
(261, 51, '尺寸', 'S', '2025-02-27 05:33:29', 0, 1),
(262, 51, '尺寸', 'M', '2025-02-27 05:33:29', 1, 1),
(263, 51, '尺寸', 'L', '2025-02-27 05:33:29', 2, 1),
(264, 51, '尺寸', 'XL', '2025-02-27 05:33:29', 3, 1);

-- --------------------------------------------------------

--
-- 資料表結構 `users`
--

CREATE TABLE `users` (
  `id` int(10) UNSIGNED NOT NULL,
  `name` varchar(20) DEFAULT NULL,
  `account` varchar(20) DEFAULT NULL,
  `password` varchar(20) DEFAULT NULL,
  `phone` varchar(10) DEFAULT NULL,
  `birthday` datetime DEFAULT NULL,
  `email` varchar(255) DEFAULT NULL,
  `createdtime` datetime DEFAULT current_timestamp(),
  `isCoach` tinyint(4) DEFAULT 0,
  `valid` tinyint(4) DEFAULT 1
) ENGINE=InnoDB DEFAULT CHARSET=utf8mb4 COLLATE=utf8mb4_unicode_ci;

--
-- 傾印資料表的資料 `users`
--

INSERT INTO `users` (`id`, `name`, `account`, `password`, `phone`, `birthday`, `email`, `createdtime`, `isCoach`, `valid`) VALUES
(210, 'Allison Hill', 'donaldgarc', 'J+48Cs', '0979402654', '1954-09-20 00:00:00', 'curtis61@abbott-munoz.com', '0000-00-00 00:00:00', 0, 1),
(211, 'Kimberly Dudley', 'smiller', '_^9Lys', '0952553419', '1987-05-08 00:00:00', 'frankgray@watts.com', '0000-00-00 00:00:00', 0, 1),
(212, 'Andrew Stewart', 'carl95', 'L$7M7Vsu', '0901226916', '1970-02-09 00:00:00', 'tasha01@hotmail.com', '0000-00-00 00:00:00', 0, 1),
(213, 'Nicole Mack', 'daniel62', '7*0tXAx', '0928809570', '1951-10-02 00:00:00', 'john39@gmail.com', '0000-00-00 00:00:00', 0, 1),
(214, 'John Jones', 'davidalvar', 'qJ(2IqB', '0971331509', '1981-10-31 00:00:00', 'adrianzimmerman@perez.com', '0000-00-00 00:00:00', 0, 1),
(215, 'David Caldwell', 'ambercummi', ')l9PJhM', '0913338726', '1956-08-16 00:00:00', 'ewright@yahoo.com', '0000-00-00 00:00:00', 0, 1),
(216, 'Savannah Garcia', 'novaksara', 'Np$2Np', '0972343098', '1948-04-15 00:00:00', 'williamsthomas@hotmail.com', '0000-00-00 00:00:00', 0, 1),
(217, 'Tyler Miller', 'caseyjones', '6V$J6QDse5', '0951079911', '1980-09-21 00:00:00', 'david51@wood.info', '0000-00-00 00:00:00', 0, 1),
(218, 'Michele Carr', 'contrerasa', '(_18Ei', '0974016400', '1966-11-02 00:00:00', 'evan78@patterson.com', '0000-00-00 00:00:00', 0, 1),
(219, 'Sandra Aguilar', 'russellwil', '^b0TqLgu50', '0963421607', '1959-04-11 00:00:00', 'ybailey@walker.com', '0000-00-00 00:00:00', 0, 1),
(220, 'Donald Jones', 'michael86', '(81K7(af_', '0940608835', '1973-06-27 00:00:00', 'cindy14@parker.com', '0000-00-00 00:00:00', 0, 1),
(221, 'Cheryl Ortega', 'lbyrd', 'S)99Jm', '0972148951', '1999-11-01 00:00:00', 'jeffrey32@williams.org', '0000-00-00 00:00:00', 0, 1),
(222, 'Angel Perry', 'jennifercr', '&sp3Eu', '0983172788', '1984-08-29 00:00:00', 'usalazar@hotmail.com', '0000-00-00 00:00:00', 0, 1),
(223, 'Terry Griffin', 'juliawells', '%3U8i9', '0923623166', '1966-08-28 00:00:00', 'abrown@yahoo.com', '0000-00-00 00:00:00', 0, 1),
(224, 'Lauren Dominguez', 'wwoods', 'hS%64Nr', '0927298069', '1982-07-19 00:00:00', 'dayderek@white-green.com', '0000-00-00 00:00:00', 0, 1),
(225, 'Gabriel Juarez', 'aramirez', '%1w4Pwa', '0923271937', '1991-09-27 00:00:00', 'gary91@gmail.com', '0000-00-00 00:00:00', 0, 1),
(226, 'Ashley Johnson', 'barbara66', 'd3*joCsy+D', '0950671657', '1992-04-09 00:00:00', 'hthompson@nelson.info', '0000-00-00 00:00:00', 0, 1),
(227, 'Roger Vargas', 'melissa14', '3bCYoOE7*W', '0913678377', '1974-08-21 00:00:00', 'phillipsrichard@torres.com', '0000-00-00 00:00:00', 0, 1),
(228, 'Joseph Coleman', 'michael74', 'fB%4Hd', '0989413435', '1956-05-08 00:00:00', 'ericksondavid@gmail.com', '0000-00-00 00:00:00', 0, 1),
(229, 'Kristen Terry', 'danamullin', '@KS$jNmH^0', '0913186999', '1959-07-01 00:00:00', 'tkerr@hotmail.com', '0000-00-00 00:00:00', 0, 1),
(230, 'Elizabeth Oliver DDS', 'mezajared', '+$4!LVc', '0971349361', '1981-03-13 00:00:00', 'rebekahserrano@brown.org', '0000-00-00 00:00:00', 0, 1),
(231, 'Laura Roberts', 'harrisonke', '&^QJr6&xn4', '0978742967', '1950-05-07 00:00:00', 'ricky51@gmail.com', '0000-00-00 00:00:00', 0, 1),
(232, 'Michael Roberts', 'jcervantes', '7(jqnCqk!', '0934824771', '1946-02-07 00:00:00', 'lancesmith@davis-gay.com', '0000-00-00 00:00:00', 0, 1),
(233, 'Bruce Collier', 'scantu', '(64NuPp', '0958404499', '1989-01-17 00:00:00', 'seanwashington@yahoo.com', '0000-00-00 00:00:00', 0, 1),
(234, 'Kimberly Gibson', 'molly39', '&hYmGnmy3', '0917187026', '2003-05-29 00:00:00', 'harrisontanya@hanson-sanders.com', '0000-00-00 00:00:00', 0, 1),
(235, 'Sarah Villarreal', 'ofinley', '+579Rbyie*', '0904556238', '1972-03-06 00:00:00', 'gregorylynch@harvey-allen.org', '0000-00-00 00:00:00', 0, 1),
(236, 'Joel King', 'elizabeth7', 'K_V8J6Fc', '0969594406', '1962-10-26 00:00:00', 'lozanojulie@parsons-hall.com', '0000-00-00 00:00:00', 0, 1),
(237, 'Connor King', 'courtneybe', 'K_0Jzh', '0945171236', '2001-09-10 00:00:00', 'gibbsalexander@hotmail.com', '0000-00-00 00:00:00', 0, 1),
(238, 'Jacob Curry', 'brenda51', '_v3PZaM', '0920047113', '2004-07-07 00:00:00', 'qchavez@horton.com', '0000-00-00 00:00:00', 0, 1),
(239, 'Mary Bass', 'rcrosby', '!5EGFsZo8', '0905329318', '1958-03-27 00:00:00', 'markhernandez@smith.com', '0000-00-00 00:00:00', 0, 1),
(240, 'Rebecca Rodriguez', 'andersonmi', '$9gKhNja', '0984700766', '1990-10-30 00:00:00', 'cjoseph@lam.org', '0000-00-00 00:00:00', 0, 1),
(241, 'Cameron Weber', 'oscar98', 'Jk(%q7Qt', '0966156545', '1954-07-11 00:00:00', 'davischristopher@yahoo.com', '0000-00-00 00:00:00', 0, 1),
(242, 'Parker Cain', 'willisanna', '^1JtNlB', '0973158514', '1983-03-17 00:00:00', 'xbruce@austin.com', '0000-00-00 00:00:00', 0, 1),
(243, 'Donald Farmer', 'michael22', 'gx)R6Ce', '0991022901', '1962-08-28 00:00:00', 'ctucker@yahoo.com', '0000-00-00 00:00:00', 0, 1),
(244, 'Paul Wilson', 'rrodriguez', '_9HWPq3_', '0976226838', '1982-02-28 00:00:00', 'sandersjudy@yahoo.com', '0000-00-00 00:00:00', 0, 1),
(245, 'Thomas Atkins', 'tberry', '_6JdMd', '0969681645', '1959-03-21 00:00:00', 'charlesschultz@hotmail.com', '0000-00-00 00:00:00', 0, 1),
(246, 'Susan Bailey', 'joelthomas', 'ia$2Te', '0952717744', '1984-05-20 00:00:00', 'william47@johnson-wood.com', '0000-00-00 00:00:00', 0, 1),
(247, 'Sean Wyatt', 'jford', 'z0OPwLmn+', '0937788925', '1969-07-06 00:00:00', 'vortiz@hotmail.com', '0000-00-00 00:00:00', 0, 1),
(248, 'Rachel Holland', 'riveraange', 'p&4I&x', '0991486528', '1950-07-01 00:00:00', 'andrew42@gmail.com', '0000-00-00 00:00:00', 0, 1),
(249, 'Ralph Lee', 'ericphilli', '@r8Ci)Yr', '0953794738', '1960-05-31 00:00:00', 'mmckee@yahoo.com', '0000-00-00 00:00:00', 0, 1),
(250, 'Laura Alexander', 'kimberly88', 'W&2NGvez', '0982613750', '1972-05-16 00:00:00', 'pshaw@vang-brooks.com', '0000-00-00 00:00:00', 0, 1),
(251, 'Brett Espinoza', 'lacey20', '%7XWe3+vXJ', '0936971179', '1980-08-13 00:00:00', 'jennifercarter@mendez.org', '0000-00-00 00:00:00', 0, 1),
(252, 'Matthew Miller', 'carlos88', '(8Ry6akD', '0958527722', '1948-06-07 00:00:00', 'carterbradley@gmail.com', '0000-00-00 00:00:00', 0, 1),
(253, 'Emily Collins', 'ihays', 'Z*4Bay', '0977584161', '1973-06-10 00:00:00', 'manuel15@phillips.com', '0000-00-00 00:00:00', 0, 1),
(254, 'Heather Williams', 'christina6', 'Z_l0wCvj#', '0990927557', '1996-01-25 00:00:00', 'alyssasanders@ramirez.com', '0000-00-00 00:00:00', 0, 1),
(255, 'Mr. Justin Green III', 'nlewis', '_^7eGdxz%e', '0983132370', '1968-09-12 00:00:00', 'jlara@gmail.com', '0000-00-00 00:00:00', 0, 1),
(256, 'Angelica Parker', 'xfox', 'x&L9Ce', '0980182422', '1966-02-04 00:00:00', 'stacey84@king.net', '0000-00-00 00:00:00', 0, 1),
(257, 'Mario Mendez', 'shawgary', ')sC2Fpvwj', '0978447364', '1975-01-01 00:00:00', 'moorerobert@harris-lawson.com', '0000-00-00 00:00:00', 0, 1),
(258, 'Emma Travis', 'theresa25', '5(8Dkv', '0995327877', '2003-12-17 00:00:00', 'zjohnson@hotmail.com', '0000-00-00 00:00:00', 0, 1),
(259, 'David Aguilar', 'williamstr', '!7)7JHr$_E', '0978499121', '1970-12-11 00:00:00', 'angela52@gmail.com', '0000-00-00 00:00:00', 0, 1),
(260, 'Jennifer Williams', 'taylormaso', '*QCX8Oge', '0955169409', '1976-06-08 00:00:00', 'jennifersilva@gmail.com', '0000-00-00 00:00:00', 0, 1),
(261, 'Michelle Hampton', 'rhernandez', '$@SwdIju0g', '0985786527', '2006-03-17 00:00:00', 'erica49@yahoo.com', '0000-00-00 00:00:00', 0, 1),
(262, 'David Grant', 'shellyhend', 'ON%v3WwS', '0904157473', '1957-11-21 00:00:00', 'derrick99@gmail.com', '0000-00-00 00:00:00', 0, 1),
(263, 'Michael Schmidt', 'briangutie', '+7SuDvrN2x', '0993802620', '2001-01-15 00:00:00', 'vlopez@yahoo.com', '0000-00-00 00:00:00', 0, 1),
(264, 'Alexandra Bradley', 'hebertmatt', '*8Q8lpg', '0954932966', '1979-03-16 00:00:00', 'moralescody@gmail.com', '0000-00-00 00:00:00', 0, 1),
(265, 'Timothy Smith', 'wyoung', 'f%5J%s', '0984145933', '1953-03-24 00:00:00', 'spencerzhang@yahoo.com', '0000-00-00 00:00:00', 0, 1),
(266, 'Joshua Ruiz', 'kathleenbe', 'R)1Qos', '0913971870', '1974-12-30 00:00:00', 'dbryant@ford.biz', '0000-00-00 00:00:00', 0, 1),
(267, 'Aaron Robinson', 'williamsme', '@M8B_Zc', '0982512868', '1952-10-21 00:00:00', 'avilatiffany@nunez-stephens.net', '0000-00-00 00:00:00', 0, 1),
(268, 'David Murray', 'joshuapine', '+Xv15%Bz', '0938302843', '1999-08-27 00:00:00', 'joel28@gmail.com', '0000-00-00 00:00:00', 0, 1),
(269, 'Donald Hawkins', 'conniesimm', 'b*0LuF', '0927086688', '1953-04-06 00:00:00', 'jonathanrivera@gmail.com', '0000-00-00 00:00:00', 0, 1),
(270, 'Sarah Davis', 'brettbenne', ')9fTNBc', '0973936385', '1996-11-29 00:00:00', 'powens@yahoo.com', '0000-00-00 00:00:00', 0, 1),
(271, 'Ian Andrade', 'ugarcia', 'B$*5Gl', '0923536937', '1981-08-11 00:00:00', 'kathryn77@yahoo.com', '0000-00-00 00:00:00', 0, 1),
(272, 'Robert Jackson', 'iwhite', 'o^m0!QYb_', '0909977008', '1981-09-05 00:00:00', 'smithjennifer@hotmail.com', '0000-00-00 00:00:00', 0, 1),
(273, 'Alicia Li', 'ldrake', '@16Qe^wL', '0916668700', '1991-12-20 00:00:00', 'porterryan@knight-hodge.com', '0000-00-00 00:00:00', 0, 1),
(274, 'Tamara Hall', 'enelson', 'a1_4R_smu', '0985621850', '1950-10-14 00:00:00', 'marypeterson@hotmail.com', '0000-00-00 00:00:00', 0, 1),
(275, 'Jennifer Ayala', 'walterskri', 'S*7VHjl6', '0926551104', '1974-05-27 00:00:00', 'curtis12@yahoo.com', '0000-00-00 00:00:00', 0, 1),
(276, 'Justin Russell', 'davisangel', 'p)I9Zkz', '0922444721', '1955-07-08 00:00:00', 'robert71@yahoo.com', '0000-00-00 00:00:00', 0, 1),
(277, 'David Weber', 'stephentay', 'Gp!6mKVt', '0965479356', '1963-03-19 00:00:00', 'daniel93@hotmail.com', '0000-00-00 00:00:00', 0, 1),
(278, 'Catherine Saunders M', 'nhahn', '*4IOY5Wc', '0958911352', '1988-03-02 00:00:00', 'vrasmussen@rodriguez-garcia.com', '0000-00-00 00:00:00', 0, 1),
(279, 'Kelly Carpenter', 'seanmyers', '#NAME?', '0938757177', '1965-11-03 00:00:00', 'bradley10@wong-byrd.com', '0000-00-00 00:00:00', 0, 1),
(280, 'Natalie Black', 'marksimmon', '*3aZmrLJ', '0991825537', '1951-11-23 00:00:00', 'orose@yahoo.com', '0000-00-00 00:00:00', 0, 1),
(281, 'Lisa Matthews', 'michael79', '&#(4Ts', '0982827422', '1965-07-18 00:00:00', 'glennstephanie@yahoo.com', '0000-00-00 00:00:00', 0, 1),
(282, 'Robert Maynard', 'fortiz', '&7i9PR0L&f', '0985807836', '1951-02-09 00:00:00', 'nancy07@bailey-montoya.info', '0000-00-00 00:00:00', 0, 1),
(283, 'Autumn Cain', 'lisamatthe', '0^93Un8', '0944948126', '2006-08-30 00:00:00', 'michelle22@thomas.com', '0000-00-00 00:00:00', 0, 1),
(284, 'Megan Burns', 'courtney67', 'h1qLOMqo@x', '0936374545', '1981-05-20 00:00:00', 'rkramer@williams.info', '0000-00-00 00:00:00', 0, 1),
(285, 'Timothy Moore', 'bsmith', '$28U6js', '0943611037', '1949-06-11 00:00:00', 'aprilwallace@dominguez.biz', '0000-00-00 00:00:00', 0, 1),
(286, 'Karen Perez', 'crosscurti', 'G^q5JeT', '0953269731', '2005-02-24 00:00:00', 'karenlawrence@bell-jordan.com', '0000-00-00 00:00:00', 0, 1),
(287, 'Matthew Wright', 'kimberly04', 'q8ZkkTG5$', '0952696582', '1996-01-16 00:00:00', 'smithcarlos@yahoo.com', '0000-00-00 00:00:00', 0, 1),
(288, 'Thomas Fry', 'ohunter', 'JH8R+Ynu+', '0991463031', '2007-01-22 00:00:00', 'chavezchelsea@yahoo.com', '0000-00-00 00:00:00', 0, 1),
(289, 'Mary Thompson', 'zimmermanj', '#m7F7Lq(', '0981491778', '1968-08-23 00:00:00', 'kvillarreal@moore-ayala.org', '0000-00-00 00:00:00', 0, 1),
(290, 'Ashley Yang', 'williamsmi', 'G$up0PgJBl', '0951802380', '1971-06-04 00:00:00', 'xcline@murphy-tran.com', '0000-00-00 00:00:00', 0, 1),
(291, 'Eddie Mueller', 'stevenvarg', '*63I5Xr', '0964138367', '1948-03-19 00:00:00', 'christopher38@haynes-watson.com', '0000-00-00 00:00:00', 0, 1),
(292, 'Kathy Walsh', 'kjones', '5!6VdgBe', '0975618537', '1965-02-13 00:00:00', 'melissa12@hotmail.com', '0000-00-00 00:00:00', 0, 1),
(293, 'Michael Morrison', 'marymurphy', 'P@73Lm', '0917121003', '1953-01-12 00:00:00', 'owatson@miller.com', '0000-00-00 00:00:00', 0, 1),
(294, 'Austin Orr', 'flamb', '^1BoOGJ', '0999934768', '1976-09-26 00:00:00', 'ramirezderrick@day.com', '0000-00-00 00:00:00', 0, 1),
(295, 'Rebekah Norton', 'wcasey', '*T8ZpW', '0959321334', '1980-06-15 00:00:00', 'barbaramcgrath@kelly-combs.com', '0000-00-00 00:00:00', 0, 1),
(296, 'Kevin Drake', 'robin05', ')nl9SE#s', '0993252500', '1954-03-11 00:00:00', 'mathismichelle@brooks.biz', '0000-00-00 00:00:00', 0, 1),
(297, 'Gabrielle Morris', 'jessicakim', '_x7uU4k0A', '0990295939', '1951-03-23 00:00:00', 'markmiller@yahoo.com', '0000-00-00 00:00:00', 0, 1),
(298, 'Mrs. Stacey Davis', 'sean43', 'k$$KJ1Li', '0993271040', '1965-10-29 00:00:00', 'jonesgeorge@yahoo.com', '0000-00-00 00:00:00', 0, 1),
(299, 'Benjamin Mcmahon', 'morgantric', '0*0*Nu', '0910698720', '1968-09-10 00:00:00', 'qmiller@greene.com', '0000-00-00 00:00:00', 0, 1),
(300, 'Vanessa Wells', 'parkerraym', 'S*4FC7u', '0902115869', '1959-08-15 00:00:00', 'acardenas@mcdaniel.com', '0000-00-00 00:00:00', 0, 1),
(301, 'Blake Orr', 'shawrachel', 'wL90Ed$^c)', '0911686854', '1979-07-03 00:00:00', 'buchanancindy@hotmail.com', '0000-00-00 00:00:00', 0, 1),
(302, 'Ashley Hernandez', 'buckleyann', '@7a4NRlX', '0907450544', '1963-03-21 00:00:00', 'comptonjeremy@yahoo.com', '0000-00-00 00:00:00', 0, 1),
(303, 'Jessica Petersen', 'jessica91', 'g$q7G+n', '0989023303', '1946-05-22 00:00:00', 'hulljanet@yahoo.com', '0000-00-00 00:00:00', 0, 1),
(304, 'John Sanders', 'maldonadoj', '*N9Of7n&#', '0968007229', '1998-08-21 00:00:00', 'johnnytrujillo@marquez-fletcher.com', '0000-00-00 00:00:00', 0, 1),
(305, 'James Bailey', 'jeffery48', '!z)6Sd8cN', '0983096520', '1988-09-27 00:00:00', 'jordan66@yahoo.com', '0000-00-00 00:00:00', 0, 1),
(306, 'Lauren Cooley', 'matthewree', 'Nv8AUzT9_', '0913534655', '1961-11-14 00:00:00', 'eyork@gmail.com', '0000-00-00 00:00:00', 0, 1),
(307, 'Lauren Blackburn', 'kennedyjam', 'I@6QDzj', '0921752500', '1974-11-25 00:00:00', 'kathleenjackson@gmail.com', '0000-00-00 00:00:00', 0, 1),
(308, 'Phillip Miller DDS', 'epowell', '2F&0BrcY', '0916894210', '1964-06-06 00:00:00', 'mluna@hotmail.com', '0000-00-00 00:00:00', 0, 1),
(309, 'Stephen Cowan', 'wendy75', '$4y2@Zm', '0948909010', '1947-06-03 00:00:00', 'hwallace@king.com', '0000-00-00 00:00:00', 0, 1),
(310, 'Matthew Bates', 'cindy26', '(@8X2tQ', '0942087375', '1960-02-05 00:00:00', 'powersrebecca@caldwell.net', '0000-00-00 00:00:00', 0, 1),
(311, 'Nathaniel Conway', 'stephenmad', 'mq7EcB(dr%', '0941552166', '1975-03-17 00:00:00', 'evaughn@yahoo.com', '0000-00-00 00:00:00', 0, 1),
(312, 'Rebecca Wilson', 'jarvismega', '@61GE#Spy)', '0914508993', '1989-09-21 00:00:00', 'reynoldsjessica@yahoo.com', '0000-00-00 00:00:00', 0, 1),
(313, 'Michael Cruz', 'smithsarah', '^(57$PZf', '0917016608', '1981-07-03 00:00:00', 'connersylvia@torres.info', '0000-00-00 00:00:00', 0, 1),
(314, 'Heidi Brown', 'meganriver', ')9Pi4Dnw9Q', '0926149331', '2002-02-17 00:00:00', 'stephenharrington@hotmail.com', '0000-00-00 00:00:00', 0, 1),
(315, 'Peter Williams', 'bartonshan', 'x_9SKQejt', '0986693465', '1964-02-27 00:00:00', 'devonmorrison@hotmail.com', '0000-00-00 00:00:00', 0, 1),
(316, 'Sarah Kelley', 'jennifer83', '9DbyaTPw$3', '0996846081', '1945-11-10 00:00:00', 'brianbrown@yahoo.com', '0000-00-00 00:00:00', 0, 1),
(317, 'Candace Mitchell', 'dwayne04', '$*qg8Bl5k', '0980043973', '2006-03-02 00:00:00', 'kimberlybrandt@yahoo.com', '0000-00-00 00:00:00', 0, 1),
(318, 'William Jones', 'jillwilson', '!+o!6I#r', '0915832818', '1954-12-26 00:00:00', 'odavis@gmail.com', '0000-00-00 00:00:00', 0, 1),
(319, 'Erin Carter', 'wbarajas', '_50D6#v', '0984085887', '1977-04-07 00:00:00', 'rachel35@miller.net', '0000-00-00 00:00:00', 0, 1),
(320, 'Lori Clark', 'michelleco', '@3Rm^w@', '0948193466', '1974-11-02 00:00:00', 'ystewart@hotmail.com', '0000-00-00 00:00:00', 0, 1),
(321, 'Aaron Cortez', 'avilabrend', '*k1&LKqa+R', '0924508821', '1946-12-25 00:00:00', 'fmedina@clark-figueroa.com', '0000-00-00 00:00:00', 0, 1),
(322, 'Taylor York', 'eugenewalk', 'b%%3DSZfb', '0955231491', '2005-05-23 00:00:00', 'todd59@torres.com', '0000-00-00 00:00:00', 0, 1),
(323, 'Tina Jackson', 'john36', '%5MEEv', '0942834110', '2001-12-14 00:00:00', 'nhammond@arnold.net', '0000-00-00 00:00:00', 0, 1),
(324, 'Reginald Diaz', 'patriciala', 'P%P2Oq', '0922992750', '1959-01-11 00:00:00', 'bryanwood@gmail.com', '0000-00-00 00:00:00', 0, 1),
(325, 'Kelly Moody', 'dharrison', '*!Y0Uk', '0965918463', '1979-04-12 00:00:00', 'lisa57@yahoo.com', '0000-00-00 00:00:00', 0, 1),
(326, 'Adriana Macias', 'emartin', '1(f4Gef', '0926030299', '1955-02-07 00:00:00', 'macdonalddylan@scott.net', '0000-00-00 00:00:00', 0, 1),
(327, 'Linda Elliott', 'johnsjessi', 'W%N41Go', '0984257991', '1959-10-12 00:00:00', 'banderson@gmail.com', '0000-00-00 00:00:00', 0, 1),
(328, 'Susan Cohen', 'catherinet', '9h&asBzv)', '0986376599', '1950-10-15 00:00:00', 'jonathancannon@gmail.com', '0000-00-00 00:00:00', 0, 1),
(329, 'Shawn Ortiz', 'adammannin', 'QF3l9QdV7!', '0936887258', '1981-11-25 00:00:00', 'vanessa95@hotmail.com', '0000-00-00 00:00:00', 0, 1),
(330, 'Charles Shields', 'adkinssean', '+2lDcg', '0979611435', '1949-08-02 00:00:00', 'zarias@douglas.com', '0000-00-00 00:00:00', 0, 1),
(331, 'Samantha Bowman', 'qsmith', 'kPd(4Gby&', '0980118489', '1967-10-29 00:00:00', 'jeremy37@yahoo.com', '0000-00-00 00:00:00', 0, 1),
(332, 'Debbie Russell', 'hansenwesl', '^1mUZxTqi', '0916335658', '1980-08-03 00:00:00', 'john16@goodman.com', '0000-00-00 00:00:00', 0, 1),
(333, 'Hayden Shannon', 'ian37', '+74nnEjxH3', '0907595794', '1977-07-16 00:00:00', 'raymond92@fox.info', '0000-00-00 00:00:00', 0, 1),
(334, 'Amanda Reed', 'stephenmar', '!b(*E7Kw7', '0936556472', '1983-01-09 00:00:00', 'lisale@peters.com', '0000-00-00 00:00:00', 0, 1),
(335, 'Tyler Hernandez', 'thompsonvi', 'B_6p8R0x6o', '0955884506', '1952-05-22 00:00:00', 'barbarasantos@hotmail.com', '0000-00-00 00:00:00', 0, 1),
(336, 'Richard Kelly', 'champton', 'M@6TujXH', '0955449647', '1997-04-14 00:00:00', 'lgutierrez@gmail.com', '0000-00-00 00:00:00', 0, 1),
(337, 'David King', 'clarkrandy', '$j1zPX&r@4', '0920055778', '1962-09-04 00:00:00', 'tarawolfe@gmail.com', '0000-00-00 00:00:00', 0, 1),
(338, 'Joyce Curry', 'omills', '(4LFpA', '0947807740', '1996-04-03 00:00:00', 'carla08@yahoo.com', '0000-00-00 00:00:00', 0, 1),
(339, 'Stephen Kim', 'frankmclau', '^Y&6Hi', '0931224179', '1974-12-13 00:00:00', 'blopez@gmail.com', '0000-00-00 00:00:00', 0, 1),
(340, 'Joseph Lopez', 'campbellda', '*O0BHzckCo', '0918723460', '1952-06-09 00:00:00', 'cwise@rojas.com', '0000-00-00 00:00:00', 0, 1),
(341, 'Ray Boyd', 'thomasmald', 'f%S5NFu$', '0902491630', '1946-12-30 00:00:00', 'nathandavis@gmail.com', '0000-00-00 00:00:00', 0, 1),
(342, 'Mr. George Booker DD', 'browndeann', ')5+k8Zd2', '0907784873', '1982-09-14 00:00:00', 'mario74@rocha.com', '0000-00-00 00:00:00', 0, 1),
(343, 'Robert Weaver', 'osmith', 'r(E6Xf', '0978294565', '1951-08-28 00:00:00', 'williamssharon@russo.com', '0000-00-00 00:00:00', 0, 1),
(344, 'Mr. Kenneth Huff', 'sfox', ')f!u4BlM', '0980141381', '1951-01-10 00:00:00', 'hlopez@wright.net', '0000-00-00 00:00:00', 0, 1),
(345, 'Brian Fowler', 'emily61', 'PaR2vRmz#', '0936845776', '1944-02-25 00:00:00', 'caitlin82@smith-joyce.com', '0000-00-00 00:00:00', 0, 1),
(346, 'Alison Short', 'samantha88', ')9_Ed5m', '0915727919', '1987-11-05 00:00:00', 'crossbarbara@gmail.com', '0000-00-00 00:00:00', 0, 1),
(347, 'Tammy Cook', 'hbutler', 'j9A$R+Au$', '0936462251', '1976-07-09 00:00:00', 'zbaker@hamilton.info', '0000-00-00 00:00:00', 0, 1),
(348, 'Katherine Pearson', 'annshea', '7(3UHc', '0904259792', '1974-02-10 00:00:00', 'jamesbrooks@farrell.org', '0000-00-00 00:00:00', 0, 1),
(349, 'Sheila Wilkins', 'cooperlind', '%g7SPSaz', '0904394070', '1948-09-02 00:00:00', 'elizabeth51@gmail.com', '0000-00-00 00:00:00', 0, 1),
(350, 'Stephen Hughes', 'tromero', '@15LPt6RCH', '0938404608', '1963-03-17 00:00:00', 'matthewlong@miller.net', '0000-00-00 00:00:00', 0, 1),
(351, 'Lisa Garrett', 'robertberr', 'L&a4Tk_', '0929251881', '1956-09-01 00:00:00', 'jessicacannon@yahoo.com', '0000-00-00 00:00:00', 0, 1),
(352, 'Elizabeth Reese', 'edwin31', 'yX2XWA@yj#', '0967722330', '1971-12-11 00:00:00', 'stephanie33@jones.org', '0000-00-00 00:00:00', 0, 1),
(353, 'Frederick Ellis II', 'mparsons', '+6UXke', '0988608680', '1957-01-21 00:00:00', 'tsanders@yahoo.com', '0000-00-00 00:00:00', 0, 1),
(354, 'Jay Austin', 'vaughnrebe', 'P*V7CHBx', '0952111751', '1979-10-14 00:00:00', 'nicholasjames@gmail.com', '0000-00-00 00:00:00', 0, 1),
(355, 'Krystal Keller', 'fernandoth', '0iLY()3j+N', '0973397767', '1949-07-17 00:00:00', 'nicoleramirez@grant.com', '0000-00-00 00:00:00', 0, 1),
(356, 'Gregory Thomas', 'estradamar', '%5+9CbUTxh', '0955616814', '1976-03-06 00:00:00', 'nealjoshua@gutierrez.com', '0000-00-00 00:00:00', 0, 1),
(357, 'Nicholas Fuller', 'webbhaley', 'o+U4uNt', '0993430107', '1986-09-13 00:00:00', 'laurenduarte@williams-bailey.com', '0000-00-00 00:00:00', 0, 1),
(358, 'Curtis Campbell', 'parkerwill', '^HU0nDv', '0927278576', '1994-09-03 00:00:00', 'annette58@smith.com', '0000-00-00 00:00:00', 0, 1),
(359, 'Chase Pittman', 'tonya82', 'Wph)9MIf', '0938421503', '2006-04-17 00:00:00', 'zhunter@stein-moore.com', '0000-00-00 00:00:00', 0, 1),
(360, 'Morgan Mills', 'douglas18', '_G2GB$x', '0901840943', '1965-12-22 00:00:00', 'justinpatel@lambert-nelson.com', '0000-00-00 00:00:00', 0, 1),
(361, 'Adrian Dean', 'clarkmicha', '^4EBsSw#s$', '0999795453', '1992-08-26 00:00:00', 'fbradley@mcdonald.info', '0000-00-00 00:00:00', 0, 1),
(362, 'Travis Thomas', 'roberta62', 'L5NEZkiW+*', '0987696393', '1981-06-05 00:00:00', 'vreyes@cervantes.biz', '0000-00-00 00:00:00', 0, 1),
(363, 'Jessica Cobb', 'gilbertcal', '#NAME?', '0957013290', '1995-08-29 00:00:00', 'shawncarter@lane.com', '0000-00-00 00:00:00', 0, 1),
(364, 'Robert Frazier', 'wrobbins', '@H)9AStemE', '0996566668', '1958-07-06 00:00:00', 'jtaylor@bridges-ward.biz', '0000-00-00 00:00:00', 0, 1),
(365, 'Zachary Santiago', 'alexanderw', 'y_#lp7Vn', '0932690973', '1992-08-07 00:00:00', 'khouse@yahoo.com', '0000-00-00 00:00:00', 0, 1),
(366, 'Andrew Webb', 'daniel71', '8QQXYybb#', '0980778795', '1972-10-15 00:00:00', 'keith09@hotmail.com', '0000-00-00 00:00:00', 0, 1),
(367, 'Richard Green', 'klane', '!4ZPx8', '0919292752', '1961-12-01 00:00:00', 'hwhite@cooper.com', '0000-00-00 00:00:00', 0, 1),
(368, 'Samantha Monroe', 'ptownsend', '_7Xu7m', '0978366742', '1980-03-27 00:00:00', 'robertslaura@yahoo.com', '0000-00-00 00:00:00', 0, 1),
(369, 'Tonya Vega', 'davisamand', '^C6Taujh', '0901061817', '1968-01-22 00:00:00', 'johnathan00@davis.com', '0000-00-00 00:00:00', 0, 1),
(370, 'Margaret Erickson', 'millercass', 'sd&M9Zf8', '0914066504', '1999-06-14 00:00:00', 'scottvasquez@gmail.com', '0000-00-00 00:00:00', 0, 1),
(371, 'Cassandra Vasquez', 'amberreyno', ')#1OjwO', '0925690877', '1973-10-24 00:00:00', 'fernandezaaron@hotmail.com', '0000-00-00 00:00:00', 0, 1),
(372, 'Karen Bradley', 'mathew46', '!Do1Lr', '0934615717', '1994-03-06 00:00:00', 'austinjohnson@allen.com', '0000-00-00 00:00:00', 0, 1),
(373, 'Dr. Robert Levy Jr.', 'brian06', '@3cZ+uu', '0907903202', '1987-03-11 00:00:00', 'lori17@jackson.com', '0000-00-00 00:00:00', 0, 1),
(374, 'Kurt Gilbert', 'brockronal', 'yU6nkKdC+_', '0927390219', '1969-09-25 00:00:00', 'hobbschristopher@white.org', '0000-00-00 00:00:00', 0, 1),
(375, 'Jennifer Aguirre', 'nschwartz', '#v4Q1o', '0908331819', '1968-10-07 00:00:00', 'qtownsend@hill.com', '0000-00-00 00:00:00', 0, 1),
(376, 'Melinda Schmitt', 'kjimenez', '_06XBu', '0920781137', '1984-06-21 00:00:00', 'rgonzalez@yahoo.com', '0000-00-00 00:00:00', 0, 1),
(377, 'Brian Perez', 'joankane', 'V%&3CpFL2', '0909042177', '1972-08-07 00:00:00', 'jeffrey49@clarke.org', '0000-00-00 00:00:00', 0, 1),
(378, 'Laura Tran', 'christophe', '*3gSpC', '0900780686', '1976-10-02 00:00:00', 'fsimpson@mullins.com', '0000-00-00 00:00:00', 0, 1),
(379, 'Edward Holland', 'smitheliza', 'V7M_eSxY#!', '0904649893', '1997-09-28 00:00:00', 'jill08@cox.info', '0000-00-00 00:00:00', 0, 1),
(380, 'Holly Thompson', 'castrokim', '(#5UHrh', '0964015577', '1978-04-06 00:00:00', 'rmckinney@lam.com', '0000-00-00 00:00:00', 0, 1),
(381, 'Stephen Miller', 'shurst', '(@+1FiI', '0956704310', '2003-06-19 00:00:00', 'robert55@watkins-terry.net', '0000-00-00 00:00:00', 0, 1),
(382, 'Eric Anderson', 'george43', '*5JyX+R10', '0959274523', '1982-06-01 00:00:00', 'tiffany25@fernandez-martin.com', '0000-00-00 00:00:00', 0, 1),
(383, 'Alexander Velazquez', 'staciereil', '#0eN9Xyr_T', '0928140693', '1974-06-27 00:00:00', 'nguyencathy@gmail.com', '0000-00-00 00:00:00', 0, 1),
(384, 'Courtney Walls', 'james18', '*B1QtEm', '0945547813', '1993-09-01 00:00:00', 'slara@gmail.com', '0000-00-00 00:00:00', 0, 1),
(385, 'Tracy Coleman', 'ltaylor', 'Az)C1VEg', '0992326487', '1947-01-05 00:00:00', 'troy73@gmail.com', '0000-00-00 00:00:00', 0, 1),
(386, 'Brittany Evans', 'qmartinez', 't%#i6FWpNK', '0989042902', '1965-11-22 00:00:00', 'michaelbrown@yahoo.com', '0000-00-00 00:00:00', 0, 1),
(387, 'Thomas Kelly', 'kelly18', '$0YBod8d2R', '0945765213', '1954-08-28 00:00:00', 'laurahansen@guerra.net', '0000-00-00 00:00:00', 0, 1),
(388, 'Rebekah Butler', 'wilsondavi', 'd!7Ljx0Ah', '0923216110', '1996-11-09 00:00:00', 'gwilliams@gmail.com', '0000-00-00 00:00:00', 0, 1),
(389, 'Kayla Brown', 'kerrbradle', 'ju%s0Yd', '0955289389', '1948-10-15 00:00:00', 'ricejennifer@jackson-webster.com', '0000-00-00 00:00:00', 0, 1),
(390, 'Annette Lewis', 'lrichardso', '7EG3Vdy)#_', '0915716479', '1994-03-27 00:00:00', 'aperez@yahoo.com', '0000-00-00 00:00:00', 0, 1),
(391, 'Mrs. Shannon Jacobso', 'xcrosby', '#0Vc(pd', '0935396136', '1993-06-27 00:00:00', 'kathy99@yahoo.com', '0000-00-00 00:00:00', 0, 1),
(392, 'Rebecca Harding', 'thomas96', '*8IOY)*e', '0969524991', '1995-11-14 00:00:00', 'msparks@bates-henry.com', '0000-00-00 00:00:00', 0, 1),
(393, 'Rhonda Fernandez', 'cisnerosan', 'BF&#1pMoO', '0919788977', '1982-05-26 00:00:00', 'myerstroy@jensen-gomez.com', '0000-00-00 00:00:00', 0, 1),
(394, 'Alfred Williams', 'michael90', 'J_5%MdB&', '0908507698', '2005-06-24 00:00:00', 'andrew79@gmail.com', '0000-00-00 00:00:00', 0, 1),
(395, 'Mrs. Jeanette Armstr', 'rgarcia', '5b0Pq2Zy$', '0949639191', '1984-05-31 00:00:00', 'carlos87@yahoo.com', '0000-00-00 00:00:00', 0, 1),
(396, 'Robert Pearson', 'william46', 'I6QbKrYg_8', '0969083572', '1960-06-30 00:00:00', 'megan65@walters.com', '0000-00-00 00:00:00', 0, 1),
(397, 'Maria Scott', 'richardwil', '0MHKz#+_$', '0970015941', '2005-06-03 00:00:00', 'emily16@hotmail.com', '0000-00-00 00:00:00', 0, 1),
(398, 'Cynthia Duncan', 'boydmaria', '(4lPVc', '0923476490', '1977-07-04 00:00:00', 'stewartrodney@hotmail.com', '0000-00-00 00:00:00', 0, 1),
(399, 'Donald Mueller', 'michaelbal', '#g%0tUt', '0918376064', '1964-08-12 00:00:00', 'kennethvillarreal@moon.com', '0000-00-00 00:00:00', 0, 1),
(400, 'Pamela Sullivan', 'hillchrist', '*C7Xn+7', '0985700272', '1944-05-07 00:00:00', 'courtneyedwards@gmail.com', '0000-00-00 00:00:00', 0, 1),
(401, 'David Reeves', 'melaniejen', ')^7Px&', '0930089317', '1957-08-18 00:00:00', 'brandonwilliamson@hotmail.com', '0000-00-00 00:00:00', 0, 1),
(402, 'Brandon Richardson', 'smithalici', 'e2*7DOhp', '0962044397', '2005-11-18 00:00:00', 'brandi71@harrison.biz', '0000-00-00 00:00:00', 0, 1),
(403, 'Michelle Erickson', 'charles80', '!z5Hph', '0946528092', '1961-11-07 00:00:00', 'dconrad@davis.net', '0000-00-00 00:00:00', 0, 1),
(404, 'David Edwards', 'victormcph', '57nNQK0j%w', '0920320742', '1992-03-06 00:00:00', 'fwilson@gmail.com', '0000-00-00 00:00:00', 0, 1),
(405, 'William Hoffman', 'uvasquez', '3c1hmTL3z#', '0937150416', '1969-07-23 00:00:00', 'eric17@keller.org', '0000-00-00 00:00:00', 0, 1),
(406, 'Erin Williams', 'unguyen', '+9EghSW', '0936103266', '1963-07-13 00:00:00', 'evanslaurie@drake.com', '0000-00-00 00:00:00', 0, 1),
(407, 'Brendan Richardson', 'tracymcclu', 'J4SXKJ#t*4', '0947617422', '1990-09-15 00:00:00', 'alexandraphillips@gmail.com', '0000-00-00 00:00:00', 0, 1),
(408, 'Sylvia Palmer', 'dgutierrez', '_&9Ial1', '0959779452', '1958-07-03 00:00:00', 'burgesscassandra@rodriguez.com', '0000-00-00 00:00:00', 0, 1),
(409, 'Matthew Stevens', 'vmelton', ')7dJbt', '0923683147', '1954-03-22 00:00:00', 'kjohnson@gmail.com', '0000-00-00 00:00:00', 0, 1),
(410, '1', '23', '23', '323', '0000-00-00 00:00:00', '32@g', '2025-02-28 14:18:34', 1, 0),
(411, NULL, NULL, NULL, NULL, NULL, NULL, '2025-03-01 09:25:54', NULL, 0);

-- --------------------------------------------------------

--
-- 資料表結構 `user_coupon`
--

CREATE TABLE `user_coupon` (
  `id` int(10) UNSIGNED NOT NULL,
  `users_id` int(10) NOT NULL,
  `coupon_id` int(10) NOT NULL,
  `status` varchar(20) DEFAULT NULL
) ENGINE=InnoDB DEFAULT CHARSET=utf8mb4 COLLATE=utf8mb4_unicode_ci;

--
-- 傾印資料表的資料 `user_coupon`
--

INSERT INTO `user_coupon` (`id`, `users_id`, `coupon_id`, `status`) VALUES
(1, 211, 1, NULL),
(2, 212, 2, NULL);

--
-- 已傾印資料表的索引
--

--
-- 資料表索引 `article`
--
ALTER TABLE `article`
  ADD PRIMARY KEY (`id`);

--
-- 資料表索引 `article_categories`
--
ALTER TABLE `article_categories`
  ADD PRIMARY KEY (`id`);

--
-- 資料表索引 `article_ctr`
--
ALTER TABLE `article_ctr`
  ADD PRIMARY KEY (`id`);

--
-- 資料表索引 `article_images`
--
ALTER TABLE `article_images`
  ADD PRIMARY KEY (`id`);

--
-- 資料表索引 `article_videos`
--
ALTER TABLE `article_videos`
  ADD PRIMARY KEY (`id`);

--
-- 資料表索引 `categories`
--
ALTER TABLE `categories`
  ADD PRIMARY KEY (`id`),
  ADD KEY `parent_id` (`parentId`);

--
-- 資料表索引 `certification`
--
ALTER TABLE `certification`
  ADD PRIMARY KEY (`id`);

--
-- 資料表索引 `coach`
--
ALTER TABLE `coach`
  ADD PRIMARY KEY (`id`);

--
-- 資料表索引 `coupon`
--
ALTER TABLE `coupon`
  ADD PRIMARY KEY (`id`);

--
-- 資料表索引 `coupon_target`
--
ALTER TABLE `coupon_target`
  ADD PRIMARY KEY (`id`);

--
-- 資料表索引 `coupon_type`
--
ALTER TABLE `coupon_type`
  ADD PRIMARY KEY (`id`);

--
-- 資料表索引 `course`
--
ALTER TABLE `course`
  ADD PRIMARY KEY (`id`);

--
-- 資料表索引 `courseimages`
--
ALTER TABLE `courseimages`
  ADD PRIMARY KEY (`id`),
  ADD KEY `course_id` (`course_id`);

--
-- 資料表索引 `coursevariants`
--
ALTER TABLE `coursevariants`
  ADD PRIMARY KEY (`id`),
  ADD KEY `location_id` (`location_id`),
  ADD KEY `course_id` (`course_id`),
  ADD KEY `coach_id` (`coach_id`);

--
-- 資料表索引 `language`
--
ALTER TABLE `language`
  ADD PRIMARY KEY (`id`);

--
-- 資料表索引 `language_coach`
--
ALTER TABLE `language_coach`
  ADD PRIMARY KEY (`id`);

--
-- 資料表索引 `license`
--
ALTER TABLE `license`
  ADD PRIMARY KEY (`id`);

--
-- 資料表索引 `license_coach`
--
ALTER TABLE `license_coach`
  ADD PRIMARY KEY (`id`);

--
-- 資料表索引 `locations`
--
ALTER TABLE `locations`
  ADD PRIMARY KEY (`id`);

--
-- 資料表索引 `products`
--
ALTER TABLE `products`
  ADD PRIMARY KEY (`id`),
  ADD KEY `category_id` (`category_id`);

--
-- 資料表索引 `product_images`
--
ALTER TABLE `product_images`
  ADD PRIMARY KEY (`id`),
  ADD KEY `product_id` (`product_id`);

--
-- 資料表索引 `product_specs`
--
ALTER TABLE `product_specs`
  ADD PRIMARY KEY (`id`),
  ADD KEY `product_id` (`product_id`);

--
-- 資料表索引 `users`
--
ALTER TABLE `users`
  ADD PRIMARY KEY (`id`);

--
-- 資料表索引 `user_coupon`
--
ALTER TABLE `user_coupon`
  ADD PRIMARY KEY (`id`);

--
-- 在傾印的資料表使用自動遞增(AUTO_INCREMENT)
--

--
-- 使用資料表自動遞增(AUTO_INCREMENT) `article`
--
ALTER TABLE `article`
  MODIFY `id` int(10) UNSIGNED NOT NULL AUTO_INCREMENT, AUTO_INCREMENT=21;

--
-- 使用資料表自動遞增(AUTO_INCREMENT) `article_categories`
--
ALTER TABLE `article_categories`
  MODIFY `id` int(11) NOT NULL AUTO_INCREMENT, AUTO_INCREMENT=3;

--
-- 使用資料表自動遞增(AUTO_INCREMENT) `article_ctr`
--
ALTER TABLE `article_ctr`
  MODIFY `id` int(11) NOT NULL AUTO_INCREMENT, AUTO_INCREMENT=3;

--
-- 使用資料表自動遞增(AUTO_INCREMENT) `article_images`
--
ALTER TABLE `article_images`
  MODIFY `id` int(11) NOT NULL AUTO_INCREMENT, AUTO_INCREMENT=5;

--
-- 使用資料表自動遞增(AUTO_INCREMENT) `article_videos`
--
ALTER TABLE `article_videos`
  MODIFY `id` int(11) NOT NULL AUTO_INCREMENT, AUTO_INCREMENT=2;

--
-- 使用資料表自動遞增(AUTO_INCREMENT) `categories`
--
ALTER TABLE `categories`
  MODIFY `id` int(11) NOT NULL AUTO_INCREMENT, AUTO_INCREMENT=21;

--
-- 使用資料表自動遞增(AUTO_INCREMENT) `certification`
--
ALTER TABLE `certification`
  MODIFY `id` int(10) UNSIGNED NOT NULL AUTO_INCREMENT, AUTO_INCREMENT=3;

--
-- 使用資料表自動遞增(AUTO_INCREMENT) `coach`
--
ALTER TABLE `coach`
  MODIFY `id` int(10) UNSIGNED NOT NULL AUTO_INCREMENT, AUTO_INCREMENT=31;

--
-- 使用資料表自動遞增(AUTO_INCREMENT) `coupon`
--
ALTER TABLE `coupon`
  MODIFY `id` int(10) UNSIGNED NOT NULL AUTO_INCREMENT, AUTO_INCREMENT=32;

--
-- 使用資料表自動遞增(AUTO_INCREMENT) `coupon_target`
--
ALTER TABLE `coupon_target`
  MODIFY `id` int(10) UNSIGNED NOT NULL AUTO_INCREMENT, AUTO_INCREMENT=4;

--
-- 使用資料表自動遞增(AUTO_INCREMENT) `coupon_type`
--
ALTER TABLE `coupon_type`
  MODIFY `id` int(10) UNSIGNED NOT NULL AUTO_INCREMENT, AUTO_INCREMENT=32;

--
-- 使用資料表自動遞增(AUTO_INCREMENT) `course`
--
ALTER TABLE `course`
  MODIFY `id` int(10) UNSIGNED NOT NULL AUTO_INCREMENT COMMENT '課程 ID', AUTO_INCREMENT=54;

--
-- 使用資料表自動遞增(AUTO_INCREMENT) `courseimages`
--
ALTER TABLE `courseimages`
  MODIFY `id` int(255) UNSIGNED NOT NULL AUTO_INCREMENT, AUTO_INCREMENT=69;

--
-- 使用資料表自動遞增(AUTO_INCREMENT) `coursevariants`
--
ALTER TABLE `coursevariants`
  MODIFY `id` int(11) NOT NULL AUTO_INCREMENT COMMENT '課程 ID', AUTO_INCREMENT=78;

--
-- 使用資料表自動遞增(AUTO_INCREMENT) `language`
--
ALTER TABLE `language`
  MODIFY `id` int(11) NOT NULL AUTO_INCREMENT, AUTO_INCREMENT=7;

--
-- 使用資料表自動遞增(AUTO_INCREMENT) `language_coach`
--
ALTER TABLE `language_coach`
  MODIFY `id` int(11) NOT NULL AUTO_INCREMENT, AUTO_INCREMENT=195;

--
-- 使用資料表自動遞增(AUTO_INCREMENT) `license`
--
ALTER TABLE `license`
  MODIFY `id` int(10) UNSIGNED NOT NULL AUTO_INCREMENT, AUTO_INCREMENT=20;

--
-- 使用資料表自動遞增(AUTO_INCREMENT) `license_coach`
--
ALTER TABLE `license_coach`
  MODIFY `id` int(11) NOT NULL AUTO_INCREMENT, AUTO_INCREMENT=163;

--
-- 使用資料表自動遞增(AUTO_INCREMENT) `locations`
--
ALTER TABLE `locations`
  MODIFY `id` int(11) NOT NULL AUTO_INCREMENT COMMENT '地點 ID', AUTO_INCREMENT=2;

--
-- 使用資料表自動遞增(AUTO_INCREMENT) `products`
--
ALTER TABLE `products`
  MODIFY `id` int(11) NOT NULL AUTO_INCREMENT, AUTO_INCREMENT=53;

--
-- 使用資料表自動遞增(AUTO_INCREMENT) `product_images`
--
ALTER TABLE `product_images`
  MODIFY `id` int(11) NOT NULL AUTO_INCREMENT, AUTO_INCREMENT=232;

--
-- 使用資料表自動遞增(AUTO_INCREMENT) `product_specs`
--
ALTER TABLE `product_specs`
  MODIFY `id` int(11) NOT NULL AUTO_INCREMENT, AUTO_INCREMENT=265;

--
-- 使用資料表自動遞增(AUTO_INCREMENT) `users`
--
ALTER TABLE `users`
  MODIFY `id` int(10) UNSIGNED NOT NULL AUTO_INCREMENT, AUTO_INCREMENT=412;

--
-- 使用資料表自動遞增(AUTO_INCREMENT) `user_coupon`
--
ALTER TABLE `user_coupon`
  MODIFY `id` int(10) UNSIGNED NOT NULL AUTO_INCREMENT, AUTO_INCREMENT=3;

--
-- 已傾印資料表的限制式
--

--
-- 資料表的限制式 `categories`
--
ALTER TABLE `categories`
  ADD CONSTRAINT `categories_ibfk_1` FOREIGN KEY (`parentId`) REFERENCES `categories` (`id`) ON DELETE SET NULL;

--
-- 資料表的限制式 `courseimages`
--
ALTER TABLE `courseimages`
  ADD CONSTRAINT `courseimages_ibfk_1` FOREIGN KEY (`course_id`) REFERENCES `course` (`id`) ON DELETE CASCADE;

--
-- 資料表的限制式 `products`
--
ALTER TABLE `products`
  ADD CONSTRAINT `products_ibfk_1` FOREIGN KEY (`category_id`) REFERENCES `categories` (`id`) ON DELETE SET NULL;

--
-- 資料表的限制式 `product_images`
--
ALTER TABLE `product_images`
  ADD CONSTRAINT `product_images_ibfk_1` FOREIGN KEY (`product_id`) REFERENCES `products` (`id`) ON DELETE CASCADE;

--
-- 資料表的限制式 `product_specs`
--
ALTER TABLE `product_specs`
  ADD CONSTRAINT `product_specs_ibfk_1` FOREIGN KEY (`product_id`) REFERENCES `products` (`id`) ON DELETE CASCADE;
COMMIT;

/*!40101 SET CHARACTER_SET_CLIENT=@OLD_CHARACTER_SET_CLIENT */;
/*!40101 SET CHARACTER_SET_RESULTS=@OLD_CHARACTER_SET_RESULTS */;
/*!40101 SET COLLATION_CONNECTION=@OLD_COLLATION_CONNECTION */;
